tm_id,saison,market_value_eur,last_updated
7161,2022_2023,13000000,NULL
7161,2023_2024,13000000,NULL
7161,2024_2025,5000000,NULL
7161,2025_2026,2000000,NULL
8246,2022_2023,300000,NULL
8246,2023_2024,300000,NULL
8246,2024_2025,200000,NULL
10503,2022_2023,300000,NULL
17259,2022_2023,12000000,NULL
17259,2023_2024,5000000,NULL
17259,2024_2025,4000000,NULL
17259,2025_2026,4000000,NULL
19114,2022_2023,50000,NULL
19114,2023_2024,50000,NULL
19114,2024_2025,50000,NULL
19483,2022_2023,400000,NULL
19483,2023_2024,600000,NULL
21327,2025_2026,500000,NULL
28396,2025_2026,1500000,NULL
31653,2022_2023,400000,NULL
31653,2023_2024,300000,NULL
31653,2024_2025,300000,NULL
31653,2025_2026,300000,NULL
32711,2022_2023,2000000,NULL
32711,2023_2024,1000000,NULL
34787,2022_2023,600000,NULL
35207,2022_2023,9000000,NULL
35207,2023_2024,7000000,NULL
36284,2022_2023,1000000,NULL
36284,2023_2024,700000,NULL
38410,2022_2023,600000,NULL
39015,2022_2023,400000,NULL
39015,2023_2024,300000,NULL
39015,2024_2025,200000,NULL
39025,2022_2023,600000,NULL
39025,2023_2024,300000,NULL
39259,2022_2023,800000,NULL
39259,2023_2024,500000,NULL
39728,2022_2023,6500000,NULL
39728,2023_2024,6000000,NULL
39983,2023_2024,1500000,NULL
40034,2022_2023,200000,NULL
40034,2023_2024,200000,NULL
40034,2024_2025,200000,NULL
40034,2025_2026,200000,NULL
40680,2022_2023,900000,NULL
40680,2023_2024,700000,NULL
40680,2024_2025,500000,NULL
40680,2025_2026,500000,NULL
40792,2024_2025,300000,NULL
42205,2022_2023,5000000,NULL
42783,2022_2023,2000000,NULL
42936,2022_2023,1500000,NULL
43824,2025_2026,300000,NULL
44466,2022_2023,2500000,NULL
44466,2023_2024,1000000,NULL
44536,2022_2023,100000,NULL
44536,2023_2024,100000,NULL
44536,2024_2025,100000,NULL
44536,2025_2026,100000,NULL
44607,2022_2023,150000,NULL
44607,2023_2024,100000,NULL
44607,2024_2025,100000,NULL
45660,2023_2024,3000000,NULL
45672,2022_2023,8500000,NULL
45672,2023_2024,7000000,NULL
45672,2024_2025,3000000,NULL
45683,2022_2023,1700000,NULL
45683,2023_2024,1500000,NULL
45683,2024_2025,800000,NULL
46580,2022_2023,9000000,NULL
46580,2023_2024,6000000,NULL
46580,2024_2025,4000000,NULL
46580,2025_2026,3000000,NULL
47587,2022_2023,800000,NULL
47587,2023_2024,400000,NULL
48015,2022_2023,2500000,NULL
48015,2023_2024,2500000,NULL
48015,2024_2025,2000000,NULL
48298,2022_2023,2500000,NULL
49723,2022_2023,1200000,NULL
49723,2023_2024,500000,NULL
49723,2024_2025,350000,NULL
49723,2025_2026,350000,NULL
50512,2022_2023,4000000,NULL
51676,2022_2023,1000000,NULL
53400,2022_2023,900000,NULL
53400,2023_2024,600000,NULL
53400,2024_2025,300000,NULL
53418,2023_2024,3500000,NULL
53418,2024_2025,3000000,NULL
53418,2025_2026,2000000,NULL
55089,2022_2023,4500000,NULL
55089,2023_2024,4000000,NULL
55089,2024_2025,3000000,NULL
55089,2025_2026,3000000,NULL
55099,2022_2023,2500000,NULL
55099,2023_2024,2000000,NULL
55099,2024_2025,700000,NULL
55099,2025_2026,500000,NULL
55597,2022_2023,275000,NULL
55597,2023_2024,250000,NULL
57051,2022_2023,1500000,NULL
57071,2023_2024,3500000,NULL
57071,2024_2025,2500000,NULL
57071,2025_2026,2000000,NULL
57845,2022_2023,700000,NULL
57990,2022_2023,225000,NULL
57990,2023_2024,225000,NULL
58358,2023_2024,10000000,NULL
58358,2024_2025,6000000,NULL
58396,2022_2023,500000,NULL
58396,2023_2024,300000,NULL
58995,2022_2023,1000000,NULL
58995,2023_2024,1000000,NULL
58995,2024_2025,1000000,NULL
58995,2025_2026,700000,NULL
60957,2022_2023,1700000,NULL
60957,2023_2024,700000,NULL
60957,2024_2025,300000,NULL
61087,2022_2023,2500000,NULL
61758,2022_2023,75000,NULL
61758,2023_2024,100000,NULL
69392,2023_2024,400000,NULL
69392,2024_2025,400000,NULL
69392,2025_2026,350000,NULL
70285,2022_2023,1200000,NULL
72792,2022_2023,2000000,NULL
73013,2024_2025,100000,NULL
74842,2022_2023,13000000,NULL
74842,2023_2024,7000000,NULL
74842,2024_2025,5000000,NULL
74842,2025_2026,3500000,NULL
75489,2022_2023,10000000,NULL
75489,2023_2024,13000000,NULL
75921,2022_2023,800000,NULL
75921,2023_2024,800000,NULL
75921,2024_2025,600000,NULL
75921,2025_2026,600000,NULL
76158,2022_2023,1000000,NULL
76158,2023_2024,800000,NULL
76158,2024_2025,800000,NULL
76158,2025_2026,800000,NULL
78339,2022_2023,1200000,NULL
78950,2022_2023,1500000,NULL
79377,2022_2023,2000000,NULL
79377,2023_2024,700000,NULL
81173,2023_2024,4000000,NULL
81173,2025_2026,700000,NULL
81789,2022_2023,1500000,NULL
82009,2023_2024,5000000,NULL
82009,2024_2025,2500000,NULL
82097,2022_2023,2500000,NULL
82097,2023_2024,2000000,NULL
82350,2022_2023,2500000,NULL
82350,2023_2024,1000000,NULL
82350,2024_2025,800000,NULL
82350,2025_2026,600000,NULL
82526,2022_2023,200000,NULL
82526,2023_2024,250000,NULL
82873,2024_2025,7000000,NULL
82873,2025_2026,3500000,NULL
84085,2022_2023,2000000,NULL
84435,2022_2023,3500000,NULL
84435,2023_2024,2500000,NULL
84435,2024_2025,2000000,NULL
84938,2022_2023,1500000,NULL
84993,2022_2023,1200000,NULL
84993,2023_2024,1200000,NULL
84993,2024_2025,700000,NULL
84993,2025_2026,1200000,NULL
85534,2023_2024,200000,NULL
85534,2024_2025,200000,NULL
85534,2025_2026,200000,NULL
85543,2022_2023,250000,NULL
85543,2023_2024,250000,NULL
85543,2024_2025,250000,NULL
85543,2025_2026,250000,NULL
85791,2022_2023,3500000,NULL
85791,2023_2024,3000000,NULL
85791,2024_2025,1800000,NULL
85864,2024_2025,800000,NULL
85864,2025_2026,800000,NULL
85867,2022_2023,2000000,NULL
85906,2022_2023,2000000,NULL
85906,2023_2024,1500000,NULL
85906,2024_2025,800000,NULL
85906,2025_2026,1200000,NULL
85908,2022_2023,200000,NULL
85908,2023_2024,250000,NULL
85908,2024_2025,250000,NULL
89701,2022_2023,3500000,NULL
90317,2023_2024,350000,NULL
90317,2024_2025,350000,NULL
90317,2025_2026,250000,NULL
91849,2022_2023,3000000,NULL
93604,2022_2023,2300000,NULL
93604,2023_2024,2500000,NULL
93604,2024_2025,2000000,NULL
93604,2025_2026,1500000,NULL
93658,2024_2025,125000,NULL
93704,2023_2024,1000000,NULL
93707,2022_2023,10000000,NULL
93707,2023_2024,6000000,NULL
93707,2024_2025,4000000,NULL
93707,2025_2026,2000000,NULL
93740,2022_2023,10000000,NULL
93740,2023_2024,10000000,NULL
93740,2024_2025,10000000,NULL
93740,2025_2026,6000000,NULL
93763,2022_2023,1500000,NULL
93763,2023_2024,900000,NULL
93763,2024_2025,700000,NULL
93844,2022_2023,3500000,NULL
93844,2023_2024,2500000,NULL
93844,2024_2025,2000000,NULL
93844,2025_2026,1200000,NULL
94137,2022_2023,1000000,NULL
94192,2025_2026,400000,NULL
94201,2022_2023,5000000,NULL
94201,2023_2024,5000000,NULL
94771,2022_2023,1000000,NULL
96167,2024_2025,600000,NULL
96167,2025_2026,300000,NULL
99451,2024_2025,300000,NULL
99451,2025_2026,300000,NULL
100986,2022_2023,6500000,NULL
100986,2023_2024,2500000,NULL
102226,2022_2023,9000000,NULL
102226,2023_2024,6000000,NULL
106270,2022_2023,4000000,NULL
106270,2023_2024,5000000,NULL
106270,2024_2025,2000000,NULL
106270,2025_2026,1500000,NULL
106405,2022_2023,3500000,NULL
106405,2023_2024,3000000,NULL
106405,2024_2025,1500000,NULL
106405,2025_2026,1000000,NULL
106872,2024_2025,4500000,NULL
106872,2025_2026,3000000,NULL
106987,2023_2024,20000000,NULL
106987,2024_2025,15000000,NULL
106987,2025_2026,7000000,NULL
107219,2023_2024,2000000,NULL
107219,2024_2025,1500000,NULL
107574,2022_2023,1500000,NULL
107574,2023_2024,1500000,NULL
107574,2024_2025,1000000,NULL
107574,2025_2026,800000,NULL
107775,2022_2023,3500000,NULL
107775,2023_2024,5500000,NULL
107775,2024_2025,4000000,NULL
107775,2025_2026,2500000,NULL
108537,2022_2023,3500000,NULL
110036,2022_2023,2500000,NULL
110036,2023_2024,1200000,NULL
110036,2024_2025,800000,NULL
110036,2025_2026,700000,NULL
111078,2023_2024,6000000,NULL
111275,2022_2023,6000000,NULL
111275,2023_2024,2000000,NULL
111455,2023_2024,20000000,NULL
111455,2024_2025,17000000,NULL
112541,2022_2023,1500000,NULL
112935,2022_2023,3000000,NULL
112935,2023_2024,1500000,NULL
112935,2024_2025,350000,NULL
116088,2022_2023,2500000,NULL
116088,2023_2024,3000000,NULL
116088,2024_2025,2500000,NULL
116088,2025_2026,2000000,NULL
117432,2022_2023,900000,NULL
117432,2023_2024,4000000,NULL
118161,2023_2024,1000000,NULL
118847,2022_2023,4000000,NULL
118847,2023_2024,3500000,NULL
118847,2024_2025,2500000,NULL
118847,2025_2026,2000000,NULL
119120,2022_2023,800000,NULL
119120,2023_2024,700000,NULL
119211,2022_2023,3500000,NULL
119211,2023_2024,6000000,NULL
119211,2024_2025,5000000,NULL
119211,2025_2026,3500000,NULL
119234,2022_2023,3500000,NULL
119234,2023_2024,2800000,NULL
119234,2024_2025,1000000,NULL
119296,2022_2023,14000000,NULL
119296,2023_2024,12000000,NULL
119296,2024_2025,7000000,NULL
119296,2025_2026,6000000,NULL
119557,2022_2023,1400000,NULL
119557,2023_2024,1500000,NULL
119557,2024_2025,2500000,NULL
119557,2025_2026,2000000,NULL
120205,2022_2023,8000000,NULL
120205,2023_2024,8000000,NULL
120205,2024_2025,6000000,NULL
120205,2025_2026,1500000,NULL
120296,2022_2023,500000,NULL
120296,2023_2024,500000,NULL
124410,2022_2023,8000000,NULL
124410,2023_2024,8000000,NULL
124410,2024_2025,3000000,NULL
124410,2025_2026,2000000,NULL
124441,2022_2023,125000,NULL
124502,2022_2023,20000000,NULL
124502,2023_2024,15000000,NULL
124502,2024_2025,8000000,NULL
124502,2025_2026,6000000,NULL
124732,2022_2023,6000000,NULL
124732,2023_2024,2000000,NULL
125103,2022_2023,5000000,NULL
125103,2023_2024,9000000,NULL
125103,2024_2025,9000000,NULL
125614,2022_2023,2500000,NULL
125614,2023_2024,700000,NULL
125614,2024_2025,450000,NULL
125714,2022_2023,7000000,NULL
125714,2025_2026,8000000,NULL
125858,2022_2023,12000000,NULL
126281,2022_2023,2500000,NULL
127076,2022_2023,3000000,NULL
127076,2023_2024,2500000,NULL
127076,2024_2025,1200000,NULL
127573,2023_2024,1500000,NULL
127573,2024_2025,1800000,NULL
127573,2025_2026,1500000,NULL
129358,2022_2023,1000000,NULL
129358,2023_2024,600000,NULL
129358,2024_2025,400000,NULL
131827,2022_2023,1000000,NULL
132098,2022_2023,90000000,NULL
132098,2023_2024,110000000,NULL
132098,2024_2025,90000000,NULL
132098,2025_2026,65000000,NULL
143798,2022_2023,4000000,NULL
143798,2023_2024,3000000,NULL
143798,2024_2025,2500000,NULL
143891,2022_2023,2500000,NULL
143891,2023_2024,2000000,NULL
143891,2024_2025,1000000,NULL
143891,2025_2026,600000,NULL
145866,2022_2023,4000000,NULL
146163,2022_2023,1000000,NULL
146163,2023_2024,600000,NULL
146310,2022_2023,6500000,NULL
146310,2023_2024,13000000,NULL
146714,2022_2023,1000000,NULL
146714,2023_2024,800000,NULL
147038,2022_2023,2500000,NULL
147038,2023_2024,1000000,NULL
147043,2022_2023,4500000,NULL
147573,2022_2023,1000000,NULL
148657,2023_2024,900000,NULL
148657,2024_2025,700000,NULL
148657,2025_2026,400000,NULL
152963,2022_2023,2200000,NULL
153084,2023_2024,40000000,NULL
153084,2024_2025,22000000,NULL
153084,2025_2026,15000000,NULL
153661,2022_2023,1800000,NULL
153661,2023_2024,900000,NULL
153661,2024_2025,500000,NULL
153678,2022_2023,1000000,NULL
156990,2022_2023,6500000,NULL
156990,2023_2024,5500000,NULL
156990,2024_2025,10000000,NULL
156990,2025_2026,12000000,NULL
157635,2023_2024,7000000,NULL
157635,2024_2025,5000000,NULL
157635,2025_2026,1500000,NULL
157672,2025_2026,2700000,NULL
159088,2022_2023,11000000,NULL
159088,2023_2024,11000000,NULL
159088,2024_2025,15000000,NULL
159088,2025_2026,7000000,NULL
159239,2022_2023,800000,NULL
159471,2022_2023,65000000,NULL
159471,2023_2024,45000000,NULL
159471,2024_2025,35000000,NULL
159471,2025_2026,20000000,NULL
159844,2022_2023,5000000,NULL
159844,2023_2024,2000000,NULL
159844,2024_2025,800000,NULL
160241,2022_2023,5000000,NULL
160241,2023_2024,3500000,NULL
160241,2024_2025,2500000,NULL
160241,2025_2026,2000000,NULL
160247,2022_2023,450000,NULL
160929,2022_2023,5000000,NULL
160929,2023_2024,7000000,NULL
160929,2024_2025,1500000,NULL
160929,2025_2026,3000000,NULL
160954,2022_2023,700000,NULL
160954,2023_2024,600000,NULL
160954,2024_2025,400000,NULL
160954,2025_2026,400000,NULL
160963,2022_2023,5000000,NULL
160963,2023_2024,5000000,NULL
160963,2024_2025,3000000,NULL
160963,2025_2026,3000000,NULL
160968,2022_2023,3000000,NULL
160968,2023_2024,2000000,NULL
160971,2022_2023,400000,NULL
160971,2023_2024,400000,NULL
160971,2024_2025,400000,NULL
160971,2025_2026,400000,NULL
161011,2022_2023,24000000,NULL
161056,2022_2023,80000000,NULL
161056,2023_2024,75000000,NULL
161056,2024_2025,50000000,NULL
161056,2025_2026,40000000,NULL
161057,2024_2025,350000,NULL
161057,2025_2026,350000,NULL
162434,2022_2023,4500000,NULL
162434,2023_2024,5500000,NULL
162434,2024_2025,5000000,NULL
162434,2025_2026,3500000,NULL
166601,2022_2023,35000000,NULL
166601,2023_2024,22000000,NULL
166601,2024_2025,15000000,NULL
166601,2025_2026,5000000,NULL
167329,2022_2023,15000000,NULL
167329,2023_2024,8000000,NULL
167329,2024_2025,6000000,NULL
168186,2022_2023,650000,NULL
168186,2023_2024,550000,NULL
168543,2022_2023,1500000,NULL
168543,2023_2024,900000,NULL
168543,2024_2025,400000,NULL
168989,2022_2023,5000000,NULL
168989,2023_2024,3500000,NULL
168989,2024_2025,1500000,NULL
168989,2025_2026,800000,NULL
170527,2023_2024,17000000,NULL
170527,2025_2026,3000000,NULL
170986,2022_2023,20000000,NULL
170986,2023_2024,15000000,NULL
170986,2024_2025,10000000,NULL
170986,2025_2026,6000000,NULL
173491,2022_2023,2500000,NULL
175722,2023_2024,12000000,NULL
175722,2024_2025,8000000,NULL
177779,2022_2023,5000000,NULL
177779,2023_2024,5000000,NULL
177779,2024_2025,2500000,NULL
177779,2025_2026,2500000,NULL
178459,2022_2023,1800000,NULL
178459,2023_2024,3500000,NULL
178459,2024_2025,2000000,NULL
179184,2024_2025,7000000,NULL
179184,2025_2026,3000000,NULL
180337,2022_2023,12000000,NULL
181375,2022_2023,35000000,NULL
181375,2023_2024,18000000,NULL
181375,2024_2025,3000000,NULL
183321,2023_2024,3500000,NULL
183720,2023_2024,3000000,NULL
183780,2022_2023,2200000,NULL
183780,2023_2024,1500000,NULL
183780,2024_2025,1200000,NULL
185077,2022_2023,12000000,NULL
185077,2023_2024,12000000,NULL
185077,2024_2025,7500000,NULL
185077,2025_2026,5000000,NULL
185427,2022_2023,800000,NULL
185427,2023_2024,700000,NULL
185699,2022_2023,1000000,NULL
186988,2022_2023,1200000,NULL
186988,2023_2024,900000,NULL
186988,2024_2025,600000,NULL
186988,2025_2026,300000,NULL
187491,2022_2023,5000000,NULL
187491,2023_2024,1200000,NULL
187492,2022_2023,28000000,NULL
187492,2023_2024,40000000,NULL
187492,2024_2025,35000000,NULL
187492,2025_2026,20000000,NULL
187624,2022_2023,700000,NULL
187624,2023_2024,1000000,NULL
187624,2024_2025,1000000,NULL
187624,2025_2026,800000,NULL
188888,2022_2023,15000000,NULL
188888,2023_2024,12000000,NULL
188888,2025_2026,1500000,NULL
189475,2022_2023,4000000,NULL
190284,2022_2023,8000000,NULL
190284,2023_2024,10000000,NULL
190284,2024_2025,10000000,NULL
190284,2025_2026,10000000,NULL
190685,2023_2024,2000000,NULL
191422,2022_2023,18000000,NULL
191422,2023_2024,14000000,NULL
191422,2024_2025,5000000,NULL
191422,2025_2026,2000000,NULL
192565,2023_2024,80000000,NULL
192565,2024_2025,45000000,NULL
192635,2022_2023,20000000,NULL
192635,2023_2024,14000000,NULL
192635,2024_2025,8000000,NULL
192635,2025_2026,8000000,NULL
192840,2025_2026,500000,NULL
193004,2022_2023,4500000,NULL
193004,2023_2024,10000000,NULL
193004,2024_2025,24000000,NULL
193004,2025_2026,18000000,NULL
193025,2022_2023,2000000,NULL
193025,2023_2024,1000000,NULL
193025,2024_2025,500000,NULL
193033,2024_2025,12000000,NULL
193033,2025_2026,12000000,NULL
193082,2023_2024,35000000,NULL
193082,2024_2025,40000000,NULL
193082,2025_2026,24000000,NULL
193611,2022_2023,100000,NULL
193611,2023_2024,100000,NULL
193611,2024_2025,50000,NULL
193611,2025_2026,50000,NULL
193782,2022_2023,5500000,NULL
193782,2023_2024,1500000,NULL
193900,2022_2023,6500000,NULL
193900,2023_2024,6500000,NULL
193900,2024_2025,3000000,NULL
193900,2025_2026,2500000,NULL
195246,2022_2023,1500000,NULL
195246,2023_2024,2500000,NULL
195246,2024_2025,2500000,NULL
195246,2025_2026,1200000,NULL
195736,2023_2024,6500000,NULL
195736,2024_2025,3500000,NULL
195778,2023_2024,10000000,NULL
195778,2024_2025,12000000,NULL
195778,2025_2026,12000000,NULL
195782,2022_2023,1500000,NULL
195782,2023_2024,900000,NULL
195782,2024_2025,500000,NULL
196095,2023_2024,3000000,NULL
196095,2024_2025,1500000,NULL
196095,2025_2026,2000000,NULL
196139,2022_2023,2500000,NULL
196139,2023_2024,3000000,NULL
196139,2024_2025,3000000,NULL
196139,2025_2026,1500000,NULL
196231,2022_2023,8000000,NULL
196231,2023_2024,3500000,NULL
196231,2024_2025,3500000,NULL
196231,2025_2026,1800000,NULL
196357,2022_2023,20000000,NULL
196357,2023_2024,25000000,NULL
196357,2024_2025,30000000,NULL
196357,2025_2026,30000000,NULL
196792,2022_2023,15000000,NULL
196792,2023_2024,10000000,NULL
196792,2024_2025,6000000,NULL
196792,2025_2026,5000000,NULL
196813,2022_2023,500000,NULL
196813,2023_2024,1000000,NULL
196813,2024_2025,4500000,NULL
196813,2025_2026,4500000,NULL
196834,2023_2024,750000,NULL
196834,2024_2025,600000,NULL
196834,2025_2026,400000,NULL
198008,2024_2025,5000000,NULL
200041,2022_2023,150000,NULL
202228,2022_2023,5000000,NULL
202228,2023_2024,4500000,NULL
202228,2024_2025,4500000,NULL
202591,2023_2024,20000000,NULL
202591,2024_2025,17000000,NULL
202591,2025_2026,12000000,NULL
202867,2024_2025,100000,NULL
203123,2024_2025,3000000,NULL
203123,2025_2026,3000000,NULL
203411,2022_2023,250000,NULL
203411,2023_2024,250000,NULL
203411,2024_2025,250000,NULL
207580,2025_2026,800000,NULL
207623,2023_2024,500000,NULL
207623,2024_2025,550000,NULL
208167,2023_2024,2800000,NULL
211530,2022_2023,100000,NULL
212723,2022_2023,22000000,NULL
213751,2022_2023,2000000,NULL
213751,2023_2024,2000000,NULL
213751,2024_2025,1000000,NULL
215099,2022_2023,3000000,NULL
215599,2022_2023,14000000,NULL
215599,2023_2024,8000000,NULL
215599,2024_2025,8000000,NULL
215599,2025_2026,3500000,NULL
216181,2022_2023,3500000,NULL
216422,2022_2023,225000,NULL
216422,2023_2024,700000,NULL
216422,2024_2025,700000,NULL
221316,2025_2026,2500000,NULL
222859,2022_2023,2500000,NULL
223967,2022_2023,28000000,NULL
223967,2023_2024,28000000,NULL
223967,2024_2025,25000000,NULL
223967,2025_2026,32000000,NULL
223972,2022_2023,1500000,NULL
223972,2023_2024,1500000,NULL
223974,2022_2023,7000000,NULL
223974,2025_2026,5500000,NULL
223979,2023_2024,28000000,NULL
223979,2024_2025,28000000,NULL
223979,2025_2026,10000000,NULL
225657,2022_2023,20000000,NULL
225657,2023_2024,20000000,NULL
225657,2024_2025,15000000,NULL
225657,2025_2026,12000000,NULL
226524,2022_2023,7000000,NULL
227089,2022_2023,25000,NULL
227089,2023_2024,100000,NULL
227089,2024_2025,100000,NULL
227089,2025_2026,100000,NULL
227093,2023_2024,400000,NULL
227110,2025_2026,4000000,NULL
228386,2023_2024,325000,NULL
228386,2024_2025,275000,NULL
228645,2023_2024,9000000,NULL
229006,2023_2024,12000000,NULL
229006,2024_2025,12000000,NULL
229006,2025_2026,12000000,NULL
229991,2022_2023,325000,NULL
229991,2023_2024,700000,NULL
229991,2024_2025,700000,NULL
229991,2025_2026,500000,NULL
230749,2024_2025,125000,NULL
230818,2023_2024,350000,NULL
232144,2022_2023,2200000,NULL
232144,2023_2024,1200000,NULL
232320,2022_2023,4500000,NULL
232320,2023_2024,8000000,NULL
232320,2024_2025,12000000,NULL
232320,2025_2026,9000000,NULL
232418,2022_2023,4000000,NULL
232454,2022_2023,6000000,NULL
232454,2023_2024,4000000,NULL
232454,2024_2025,11000000,NULL
232454,2025_2026,17000000,NULL
232463,2022_2023,2800000,NULL
232463,2025_2026,500000,NULL
233782,2022_2023,4000000,NULL
233782,2023_2024,10000000,NULL
234029,2022_2023,7500000,NULL
234029,2023_2024,7000000,NULL
234029,2024_2025,4500000,NULL
234029,2025_2026,3000000,NULL
236981,2022_2023,7500000,NULL
236981,2023_2024,7500000,NULL
236981,2024_2025,3500000,NULL
236981,2025_2026,2500000,NULL
236986,2022_2023,350000,NULL
236986,2023_2024,500000,NULL
237164,2022_2023,11000000,NULL
237164,2023_2024,4000000,NULL
237164,2024_2025,2800000,NULL
237164,2025_2026,800000,NULL
237226,2024_2025,2500000,NULL
237666,2024_2025,1500000,NULL
238639,2024_2025,3000000,NULL
238639,2025_2026,1800000,NULL
239972,2022_2023,300000,NULL
240274,2022_2023,1000000,NULL
241307,2025_2026,1000000,NULL
241477,2022_2023,2500000,NULL
241477,2023_2024,1700000,NULL
242086,2022_2023,38000000,NULL
242086,2023_2024,22000000,NULL
242086,2024_2025,22000000,NULL
242086,2025_2026,25000000,NULL
243188,2022_2023,2200000,NULL
243188,2023_2024,4000000,NULL
243188,2024_2025,4000000,NULL
243605,2022_2023,150000,NULL
243714,2023_2024,65000000,NULL
243714,2024_2025,35000000,NULL
244940,2022_2023,17000000,NULL
244940,2023_2024,13000000,NULL
244940,2024_2025,7000000,NULL
244940,2025_2026,3500000,NULL
244997,2023_2024,300000,NULL
244997,2024_2025,300000,NULL
247555,2022_2023,3000000,NULL
247555,2023_2024,5500000,NULL
247555,2024_2025,3500000,NULL
247915,2022_2023,7000000,NULL
247915,2023_2024,9000000,NULL
247915,2024_2025,4000000,NULL
247915,2025_2026,1500000,NULL
248999,2022_2023,5000000,NULL
248999,2023_2024,5000000,NULL
248999,2024_2025,3500000,NULL
248999,2025_2026,3000000,NULL
249157,2022_2023,2500000,NULL
249157,2023_2024,3500000,NULL
249157,2024_2025,3500000,NULL
250013,2022_2023,9000000,NULL
251299,2022_2023,1000000,NULL
251299,2023_2024,5000000,NULL
251299,2024_2025,2500000,NULL
251299,2025_2026,12000000,NULL
251302,2022_2023,10000000,NULL
251302,2023_2024,7000000,NULL
251302,2024_2025,3500000,NULL
251309,2022_2023,9000000,NULL
251309,2023_2024,4000000,NULL
251309,2024_2025,3000000,NULL
251878,2022_2023,7000000,NULL
257455,2022_2023,28000000,NULL
257455,2024_2025,40000000,NULL
257814,2022_2023,25000000,NULL
257814,2023_2024,40000000,NULL
257814,2024_2025,40000000,NULL
257814,2025_2026,40000000,NULL
258039,2022_2023,3000000,NULL
258039,2023_2024,8000000,NULL
258039,2025_2026,3000000,NULL
260008,2022_2023,250000,NULL
260008,2023_2024,500000,NULL
260008,2024_2025,450000,NULL
260008,2025_2026,350000,NULL
260053,2022_2023,3000000,NULL
260053,2023_2024,2000000,NULL
261504,2024_2025,20000000,NULL
261504,2025_2026,20000000,NULL
263361,2023_2024,14000000,NULL
263361,2025_2026,4000000,NULL
263380,2023_2024,10000000,NULL
263380,2024_2025,2000000,NULL
263801,2023_2024,700000,NULL
263804,2023_2024,6000000,NULL
264960,2022_2023,300000,NULL
264960,2023_2024,600000,NULL
264960,2024_2025,1500000,NULL
264960,2025_2026,2500000,NULL
265127,2022_2023,3000000,NULL
269878,2022_2023,3500000,NULL
270393,2022_2023,9000000,NULL
270393,2023_2024,6500000,NULL
270393,2024_2025,3000000,NULL
270393,2025_2026,3000000,NULL
270541,2022_2023,10000000,NULL
270541,2023_2024,40000000,NULL
270541,2024_2025,40000000,NULL
270541,2025_2026,40000000,NULL
272278,2022_2023,4000000,NULL
272278,2023_2024,17000000,NULL
272278,2024_2025,18000000,NULL
272278,2025_2026,10000000,NULL
272587,2022_2023,8000000,NULL
272587,2023_2024,6000000,NULL
272587,2024_2025,1500000,NULL
272587,2025_2026,300000,NULL
272638,2022_2023,3500000,NULL
272812,2022_2023,1300000,NULL
272845,2022_2023,150000,NULL
273132,2023_2024,15000000,NULL
273132,2024_2025,8000000,NULL
274461,2022_2023,1500000,NULL
275249,2022_2023,1500000,NULL
277179,2022_2023,20000000,NULL
278332,2022_2023,20000000,NULL
278332,2023_2024,9000000,NULL
278332,2024_2025,3500000,NULL
278332,2025_2026,3500000,NULL
278343,2022_2023,10000000,NULL
278343,2023_2024,7000000,NULL
278343,2024_2025,8000000,NULL
278359,2023_2024,8000000,NULL
279009,2023_2024,3500000,NULL
279009,2024_2025,2000000,NULL
280553,2024_2025,600000,NULL
280553,2025_2026,400000,NULL
280575,2022_2023,3500000,NULL
280575,2023_2024,3500000,NULL
280575,2024_2025,3500000,NULL
280575,2025_2026,3500000,NULL
281769,2024_2025,10000000,NULL
282163,2022_2023,300000,NULL
282163,2023_2024,700000,NULL
282163,2024_2025,800000,NULL
282163,2025_2026,750000,NULL
282349,2025_2026,1500000,NULL
282660,2023_2024,5000000,NULL
282660,2024_2025,20000000,NULL
282660,2025_2026,18000000,NULL
283001,2022_2023,800000,NULL
283141,2022_2023,600000,NULL
283141,2023_2024,500000,NULL
283196,2022_2023,12000000,NULL
283286,2022_2023,650000,NULL
283871,2022_2023,1000000,NULL
283871,2023_2024,800000,NULL
283871,2024_2025,350000,NULL
283994,2022_2023,11000000,NULL
283994,2023_2024,7000000,NULL
284010,2023_2024,3000000,NULL
284010,2024_2025,8000000,NULL
284010,2025_2026,12000000,NULL
284248,2022_2023,7500000,NULL
284248,2023_2024,3500000,NULL
284248,2024_2025,1500000,NULL
284270,2022_2023,350000,NULL
284270,2023_2024,1500000,NULL
284270,2024_2025,3500000,NULL
284270,2025_2026,5000000,NULL
284732,2022_2023,20000000,NULL
284732,2023_2024,12000000,NULL
284732,2024_2025,7000000,NULL
284732,2025_2026,7000000,NULL
284769,2022_2023,3000000,NULL
284769,2023_2024,1200000,NULL
284769,2024_2025,1200000,NULL
284769,2025_2026,1200000,NULL
287188,2022_2023,10000000,NULL
287188,2023_2024,10000000,NULL
287188,2024_2025,5000000,NULL
287188,2025_2026,3000000,NULL
287920,2022_2023,1000000,NULL
287920,2024_2025,3000000,NULL
287920,2025_2026,1800000,NULL
288255,2023_2024,9000000,NULL
288340,2023_2024,4000000,NULL
288340,2024_2025,5000000,NULL
288340,2025_2026,3500000,NULL
288429,2022_2023,2500000,NULL
288429,2023_2024,3500000,NULL
288429,2024_2025,2500000,NULL
288429,2025_2026,1000000,NULL
289182,2024_2025,600000,NULL
289182,2025_2026,500000,NULL
289835,2022_2023,3500000,NULL
289835,2023_2024,6000000,NULL
289835,2024_2025,12000000,NULL
289835,2025_2026,14000000,NULL
290587,2022_2023,13000000,NULL
290587,2023_2024,13000000,NULL
290587,2024_2025,9000000,NULL
290587,2025_2026,6000000,NULL
291222,2022_2023,2200000,NULL
291222,2023_2024,2200000,NULL
291222,2024_2025,2000000,NULL
291222,2025_2026,3500000,NULL
292812,2025_2026,1800000,NULL
293194,2022_2023,20000000,NULL
293194,2023_2024,8000000,NULL
293281,2022_2023,4000000,NULL
293281,2024_2025,6000000,NULL
293385,2023_2024,50000000,NULL
294791,2023_2024,3000000,NULL
295630,2024_2025,2800000,NULL
295630,2025_2026,3000000,NULL
296372,2024_2025,400000,NULL
296397,2022_2023,5500000,NULL
296397,2023_2024,4500000,NULL
296397,2024_2025,4000000,NULL
296397,2025_2026,2000000,NULL
296741,2024_2025,500000,NULL
296741,2025_2026,500000,NULL
296879,2022_2023,3500000,NULL
296879,2023_2024,2000000,NULL
296879,2024_2025,700000,NULL
296879,2025_2026,700000,NULL
297583,2022_2023,5500000,NULL
297583,2023_2024,3500000,NULL
297583,2024_2025,4000000,NULL
297583,2025_2026,3500000,NULL
298603,2022_2023,1500000,NULL
298603,2023_2024,1800000,NULL
298603,2024_2025,2700000,NULL
298603,2025_2026,4000000,NULL
302215,2023_2024,6000000,NULL
303219,2022_2023,2000000,NULL
303219,2023_2024,9000000,NULL
303219,2024_2025,12000000,NULL
303219,2025_2026,15000000,NULL
307052,2023_2024,2000000,NULL
307183,2022_2023,700000,NULL
307183,2023_2024,900000,NULL
307924,2022_2023,6000000,NULL
307924,2023_2024,12000000,NULL
307924,2024_2025,7000000,NULL
308552,2022_2023,4000000,NULL
309397,2022_2023,1000000,NULL
314295,2022_2023,12000000,NULL
314295,2023_2024,2000000,NULL
314295,2024_2025,500000,NULL
314398,2022_2023,3000000,NULL
314398,2023_2024,3000000,NULL
314398,2024_2025,2500000,NULL
314398,2025_2026,2000000,NULL
315131,2022_2023,3000000,NULL
315131,2023_2024,1500000,NULL
315332,2022_2023,1500000,NULL
315332,2023_2024,2000000,NULL
315332,2024_2025,700000,NULL
315604,2022_2023,12000000,NULL
315604,2023_2024,2500000,NULL
315604,2024_2025,1000000,NULL
317444,2024_2025,600000,NULL
318204,2023_2024,17000000,NULL
318204,2024_2025,25000000,NULL
318204,2025_2026,20000000,NULL
318528,2022_2023,32000000,NULL
321070,2022_2023,4000000,NULL
321070,2023_2024,2000000,NULL
321247,2024_2025,18000000,NULL
322065,2023_2024,2000000,NULL
322065,2024_2025,1700000,NULL
322517,2024_2025,2000000,NULL
322517,2025_2026,3500000,NULL
322519,2022_2023,800000,NULL
323831,2022_2023,16000000,NULL
323831,2023_2024,8000000,NULL
324278,2022_2023,20000000,NULL
324278,2023_2024,24000000,NULL
324278,2024_2025,18000000,NULL
324278,2025_2026,20000000,NULL
324344,2022_2023,2000000,NULL
324344,2023_2024,900000,NULL
324811,2024_2025,8000000,NULL
324811,2025_2026,4000000,NULL
324861,2022_2023,1200000,NULL
324861,2023_2024,1200000,NULL
324861,2024_2025,1800000,NULL
326029,2022_2023,20000000,NULL
326029,2023_2024,35000000,NULL
326029,2024_2025,28000000,NULL
326031,2023_2024,65000000,NULL
326346,2022_2023,400000,NULL
327251,2024_2025,7000000,NULL
327251,2025_2026,12000000,NULL
327536,2022_2023,1000000,NULL
327536,2023_2024,1000000,NULL
327862,2024_2025,500000,NULL
327862,2025_2026,600000,NULL
328784,2023_2024,18000000,NULL
328784,2024_2025,18000000,NULL
328784,2025_2026,15000000,NULL
329723,2022_2023,2000000,NULL
330635,2022_2023,400000,NULL
330635,2024_2025,1200000,NULL
330635,2025_2026,2000000,NULL
330699,2022_2023,700000,NULL
330699,2023_2024,900000,NULL
330699,2024_2025,1500000,NULL
330699,2025_2026,1500000,NULL
331779,2022_2023,2000000,NULL
331779,2023_2024,1000000,NULL
332392,2022_2023,2500000,NULL
332392,2023_2024,2000000,NULL
332392,2024_2025,1500000,NULL
332392,2025_2026,1800000,NULL
332624,2022_2023,400000,NULL
332624,2023_2024,1000000,NULL
332798,2022_2023,12000000,NULL
332798,2023_2024,12000000,NULL
332798,2024_2025,13000000,NULL
333647,2022_2023,15000000,NULL
333647,2023_2024,7000000,NULL
333647,2024_2025,25000000,NULL
333647,2025_2026,35000000,NULL
334207,2022_2023,5000000,NULL
334207,2023_2024,2000000,NULL
334207,2024_2025,2000000,NULL
334207,2025_2026,1500000,NULL
334221,2022_2023,6000000,NULL
334221,2023_2024,5000000,NULL
334221,2024_2025,3000000,NULL
334221,2025_2026,4000000,NULL
334999,2022_2023,2000000,NULL
334999,2023_2024,3000000,NULL
334999,2024_2025,2000000,NULL
335003,2022_2023,1500000,NULL
335103,2022_2023,3500000,NULL
335103,2023_2024,6000000,NULL
335103,2024_2025,3000000,NULL
335103,2025_2026,3000000,NULL
335209,2025_2026,5000000,NULL
335457,2022_2023,9000000,NULL
335457,2023_2024,20000000,NULL
335457,2024_2025,28000000,NULL
335457,2025_2026,22000000,NULL
335993,2025_2026,8000000,NULL
335999,2023_2024,125000,NULL
336008,2022_2023,100000,NULL
336585,2022_2023,175000,NULL
337036,2022_2023,1200000,NULL
337036,2023_2024,2500000,NULL
337036,2024_2025,2500000,NULL
337097,2024_2025,600000,NULL
337097,2025_2026,1200000,NULL
337333,2022_2023,4500000,NULL
337333,2023_2024,7500000,NULL
337333,2025_2026,4000000,NULL
338668,2023_2024,3500000,NULL
338668,2024_2025,9000000,NULL
338668,2025_2026,10000000,NULL
339314,2023_2024,17000000,NULL
339314,2024_2025,28000000,NULL
339314,2025_2026,20000000,NULL
340166,2025_2026,3000000,NULL
340322,2023_2024,23000000,NULL
340322,2024_2025,18000000,NULL
340322,2025_2026,15000000,NULL
340456,2023_2024,30000000,NULL
340480,2022_2023,100000,NULL
340480,2023_2024,100000,NULL
340521,2023_2024,1200000,NULL
340521,2024_2025,800000,NULL
340521,2025_2026,700000,NULL
340700,2024_2025,1500000,NULL
341317,2022_2023,3000000,NULL
341317,2023_2024,2000000,NULL
341317,2024_2025,1000000,NULL
341317,2025_2026,4000000,NULL
342039,2022_2023,4000000,NULL
342039,2023_2024,4000000,NULL
342039,2024_2025,3500000,NULL
342039,2025_2026,2000000,NULL
342226,2022_2023,2500000,NULL
342226,2023_2024,1500000,NULL
342967,2024_2025,14000000,NULL
342967,2025_2026,7000000,NULL
343336,2024_2025,100000,NULL
344063,2022_2023,600000,NULL
344069,2022_2023,15000000,NULL
344069,2023_2024,15000000,NULL
344069,2024_2025,12000000,NULL
344598,2022_2023,5000000,NULL
344598,2023_2024,10000000,NULL
344598,2024_2025,6000000,NULL
344598,2025_2026,2000000,NULL
344695,2022_2023,60000000,NULL
344695,2023_2024,60000000,NULL
344695,2024_2025,50000000,NULL
344695,2025_2026,70000000,NULL
345886,2022_2023,6000000,NULL
345886,2023_2024,6500000,NULL
345886,2024_2025,7000000,NULL
346332,2022_2023,400000,NULL
346478,2023_2024,3000000,NULL
346567,2022_2023,9000000,NULL
346853,2022_2023,4500000,NULL
346853,2023_2024,6500000,NULL
346853,2024_2025,15000000,NULL
346853,2025_2026,17000000,NULL
348026,2024_2025,10000000,NULL
349465,2022_2023,250000,NULL
349465,2023_2024,800000,NULL
349465,2024_2025,1000000,NULL
349465,2025_2026,1800000,NULL
351071,2023_2024,250000,NULL
352223,2022_2023,225000,NULL
352332,2023_2024,600000,NULL
352332,2024_2025,600000,NULL
352332,2025_2026,500000,NULL
352392,2024_2025,1800000,NULL
353366,2023_2024,40000000,NULL
353826,2022_2023,3500000,NULL
353826,2023_2024,3500000,NULL
353826,2024_2025,2000000,NULL
353892,2022_2023,5500000,NULL
353892,2023_2024,22000000,NULL
353892,2024_2025,30000000,NULL
353892,2025_2026,18000000,NULL
353948,2023_2024,7000000,NULL
353948,2024_2025,4000000,NULL
355369,2022_2023,10000000,NULL
355369,2023_2024,6000000,NULL
355369,2024_2025,3000000,NULL
355816,2022_2023,12000000,NULL
355816,2023_2024,15000000,NULL
355816,2024_2025,15000000,NULL
356141,2022_2023,30000000,NULL
357156,2022_2023,9000000,NULL
357156,2023_2024,15000000,NULL
357156,2024_2025,17000000,NULL
357156,2025_2026,12000000,NULL
357233,2022_2023,8000000,NULL
357233,2023_2024,14000000,NULL
357310,2025_2026,1500000,NULL
358504,2022_2023,15000000,NULL
358504,2023_2024,18000000,NULL
358504,2024_2025,22000000,NULL
358504,2025_2026,25000000,NULL
358766,2023_2024,250000,NULL
358766,2024_2025,1000000,NULL
358766,2025_2026,1500000,NULL
361065,2022_2023,9000000,NULL
361260,2022_2023,10000000,NULL
361260,2023_2024,13000000,NULL
361260,2024_2025,7500000,NULL
361260,2025_2026,5000000,NULL
361508,2023_2024,125000,NULL
361575,2022_2023,1500000,NULL
362977,2022_2023,9000000,NULL
362977,2023_2024,10000000,NULL
362977,2024_2025,6000000,NULL
362977,2025_2026,2500000,NULL
364258,2025_2026,5000000,NULL
367284,2024_2025,7000000,NULL
368860,2022_2023,250000,NULL
368887,2023_2024,55000000,NULL
368887,2024_2025,60000000,NULL
368887,2025_2026,40000000,NULL
368891,2024_2025,20000000,NULL
368891,2025_2026,24000000,NULL
369258,2022_2023,200000,NULL
369258,2023_2024,200000,NULL
369567,2022_2023,18000000,NULL
369567,2023_2024,11000000,NULL
369684,2024_2025,10000000,NULL
369684,2025_2026,14000000,NULL
369888,2022_2023,600000,NULL
369888,2023_2024,1200000,NULL
370683,2022_2023,3500000,NULL
370683,2023_2024,7500000,NULL
370683,2024_2025,7000000,NULL
370683,2025_2026,5000000,NULL
370789,2022_2023,7500000,NULL
370789,2023_2024,15000000,NULL
370789,2024_2025,20000000,NULL
370789,2025_2026,20000000,NULL
371000,2022_2023,1500000,NULL
371000,2023_2024,1000000,NULL
371141,2022_2023,8500000,NULL
371141,2023_2024,3000000,NULL
371141,2024_2025,2500000,NULL
371141,2025_2026,1800000,NULL
371149,2022_2023,32000000,NULL
374954,2022_2023,9000000,NULL
374954,2023_2024,5500000,NULL
374954,2024_2025,6500000,NULL
374954,2025_2026,6000000,NULL
378424,2022_2023,400000,NULL
378424,2023_2024,800000,NULL
378424,2024_2025,800000,NULL
378424,2025_2026,750000,NULL
378883,2023_2024,1500000,NULL
378883,2024_2025,500000,NULL
381250,2022_2023,100000,NULL
381252,2022_2023,125000,NULL
381260,2023_2024,75000,NULL
381260,2024_2025,100000,NULL
381753,2022_2023,3000000,NULL
381753,2023_2024,4000000,NULL
381967,2025_2026,8000000,NULL
382478,2024_2025,4000000,NULL
382478,2025_2026,5000000,NULL
384531,2022_2023,150000,NULL
384553,2022_2023,4500000,NULL
384553,2023_2024,2500000,NULL
384553,2024_2025,1000000,NULL
384553,2025_2026,100000,NULL
384593,2024_2025,5000000,NULL
384593,2025_2026,12000000,NULL
386685,2022_2023,400000,NULL
386685,2023_2024,400000,NULL
386685,2024_2025,600000,NULL
386685,2025_2026,600000,NULL
386786,2022_2023,3000000,NULL
386786,2023_2024,2000000,NULL
387047,2022_2023,4000000,NULL
387047,2023_2024,17000000,NULL
387047,2024_2025,15000000,NULL
387047,2025_2026,13000000,NULL
388058,2022_2023,600000,NULL
388067,2024_2025,325000,NULL
388067,2025_2026,300000,NULL
388198,2022_2023,33000000,NULL
388198,2023_2024,35000000,NULL
388198,2024_2025,40000000,NULL
388198,2025_2026,55000000,NULL
388363,2022_2023,3500000,NULL
388363,2023_2024,3500000,NULL
388363,2024_2025,3000000,NULL
388409,2024_2025,4000000,NULL
388409,2025_2026,4000000,NULL
388513,2022_2023,1500000,NULL
388513,2023_2024,800000,NULL
388815,2022_2023,1000000,NULL
388944,2022_2023,600000,NULL
390460,2022_2023,350000,NULL
390661,2025_2026,400000,NULL
391379,2024_2025,200000,NULL
391742,2023_2024,3000000,NULL
391766,2024_2025,4000000,NULL
391766,2025_2026,6000000,NULL
391780,2024_2025,6000000,NULL
391780,2025_2026,4000000,NULL
392124,2022_2023,300000,NULL
392124,2024_2025,150000,NULL
392124,2025_2026,150000,NULL
392156,2022_2023,350000,NULL
392163,2022_2023,2500000,NULL
392163,2023_2024,7000000,NULL
392163,2024_2025,3500000,NULL
392710,2024_2025,5000000,NULL
392710,2025_2026,3500000,NULL
392768,2022_2023,25000000,NULL
393323,2023_2024,14000000,NULL
393512,2022_2023,1500000,NULL
393512,2023_2024,600000,NULL
393512,2024_2025,6000000,NULL
393512,2025_2026,8000000,NULL
393745,2024_2025,5000000,NULL
393745,2025_2026,2500000,NULL
395516,2022_2023,50000000,NULL
395522,2024_2025,4500000,NULL
395522,2025_2026,3500000,NULL
395671,2024_2025,1500000,NULL
395928,2022_2023,400000,NULL
396333,2022_2023,2500000,NULL
400489,2023_2024,24000000,NULL
400489,2024_2025,12000000,NULL
400546,2022_2023,1800000,NULL
400546,2023_2024,800000,NULL
400546,2024_2025,400000,NULL
400546,2025_2026,2000000,NULL
401173,2023_2024,25000000,NULL
401578,2022_2023,15000000,NULL
401578,2023_2024,40000000,NULL
401578,2024_2025,40000000,NULL
401578,2025_2026,30000000,NULL
401639,2022_2023,600000,NULL
401639,2024_2025,800000,NULL
401639,2025_2026,1800000,NULL
402008,2023_2024,17000000,NULL
402008,2024_2025,20000000,NULL
402008,2025_2026,6000000,NULL
403177,2024_2025,1500000,NULL
403177,2025_2026,1500000,NULL
403898,2022_2023,4000000,NULL
404950,2023_2024,20000000,NULL
404950,2024_2025,16000000,NULL
404950,2025_2026,18000000,NULL
405385,2025_2026,7500000,NULL
405393,2022_2023,150000,NULL
405393,2023_2024,500000,NULL
405568,2022_2023,900000,NULL
405670,2025_2026,6000000,NULL
405674,2022_2023,350000,NULL
405679,2023_2024,1200000,NULL
405679,2024_2025,1200000,NULL
405687,2022_2023,6000000,NULL
405687,2023_2024,5500000,NULL
405687,2025_2026,3500000,NULL
405689,2022_2023,1000000,NULL
405689,2023_2024,1000000,NULL
405690,2023_2024,700000,NULL
406640,2023_2024,25000000,NULL
406640,2024_2025,28000000,NULL
406640,2025_2026,45000000,NULL
406889,2022_2023,225000,NULL
406889,2023_2024,400000,NULL
406889,2024_2025,500000,NULL
407098,2025_2026,12000000,NULL
409517,2023_2024,4000000,NULL
409517,2024_2025,6000000,NULL
410561,2022_2023,200000,NULL
410870,2024_2025,800000,NULL
410870,2025_2026,900000,NULL
412935,2023_2024,2800000,NULL
412935,2024_2025,2500000,NULL
412935,2025_2026,1800000,NULL
412953,2025_2026,9000000,NULL
413843,2022_2023,3000000,NULL
413843,2023_2024,3500000,NULL
413843,2024_2025,7000000,NULL
413843,2025_2026,6000000,NULL
415035,2025_2026,7000000,NULL
415194,2022_2023,1300000,NULL
415194,2023_2024,1300000,NULL
415194,2024_2025,1300000,NULL
415194,2025_2026,700000,NULL
415912,2022_2023,15000000,NULL
415912,2023_2024,14000000,NULL
416380,2025_2026,7000000,NULL
420210,2024_2025,32000000,NULL
420210,2025_2026,20000000,NULL
420376,2023_2024,300000,NULL
421637,2024_2025,9000000,NULL
422051,2025_2026,1800000,NULL
422355,2022_2023,5000000,NULL
422355,2023_2024,2500000,NULL
424204,2022_2023,70000000,NULL
424204,2023_2024,70000000,NULL
424204,2024_2025,50000000,NULL
424204,2025_2026,50000000,NULL
425478,2023_2024,75000,NULL
425834,2023_2024,700000,NULL
425834,2024_2025,600000,NULL
428791,2022_2023,7000000,NULL
429874,2022_2023,10000000,NULL
429874,2023_2024,8000000,NULL
429874,2024_2025,10000000,NULL
429874,2025_2026,15000000,NULL
430034,2025_2026,750000,NULL
431561,2023_2024,1000000,NULL
431848,2022_2023,900000,NULL
431848,2023_2024,750000,NULL
432671,2022_2023,300000,NULL
432671,2023_2024,300000,NULL
432671,2024_2025,300000,NULL
432671,2025_2026,750000,NULL
432757,2022_2023,5000000,NULL
433185,2022_2023,500000,NULL
433894,2022_2023,900000,NULL
433894,2023_2024,700000,NULL
433894,2024_2025,500000,NULL
434110,2022_2023,2500000,NULL
434110,2023_2024,800000,NULL
434116,2024_2025,9000000,NULL
434116,2025_2026,5000000,NULL
436064,2024_2025,1500000,NULL
436064,2025_2026,5000000,NULL
436585,2022_2023,2000000,NULL
440386,2022_2023,600000,NULL
440386,2023_2024,700000,NULL
440386,2024_2025,600000,NULL
440386,2025_2026,600000,NULL
442891,2024_2025,20000000,NULL
442891,2025_2026,12000000,NULL
443331,2024_2025,8500000,NULL
443331,2025_2026,12000000,NULL
443710,2022_2023,6000000,NULL
443710,2023_2024,14000000,NULL
443710,2024_2025,32000000,NULL
443710,2025_2026,45000000,NULL
443855,2025_2026,700000,NULL
445606,2025_2026,300000,NULL
445939,2023_2024,15000000,NULL
445939,2024_2025,60000000,NULL
447799,2022_2023,100000,NULL
447799,2023_2024,300000,NULL
448177,2023_2024,3000000,NULL
448177,2025_2026,1000000,NULL
448257,2022_2023,300000,NULL
448258,2022_2023,3700000,NULL
448258,2023_2024,8000000,NULL
448258,2024_2025,12000000,NULL
448258,2025_2026,10000000,NULL
448259,2022_2023,200000,NULL
448259,2023_2024,225000,NULL
448259,2024_2025,1000000,NULL
448259,2025_2026,2000000,NULL
448705,2022_2023,750000,NULL
449592,2025_2026,10000000,NULL
449597,2025_2026,2200000,NULL
450234,2023_2024,2000000,NULL
451403,2023_2024,200000,NULL
452054,2022_2023,125000,NULL
452054,2023_2024,175000,NULL
452068,2022_2023,400000,NULL
452068,2024_2025,700000,NULL
452477,2023_2024,8000000,NULL
452477,2024_2025,6000000,NULL
452477,2025_2026,5000000,NULL
453016,2022_2023,7000000,NULL
453016,2023_2024,7000000,NULL
453016,2024_2025,7000000,NULL
453016,2025_2026,10000000,NULL
453121,2023_2024,550000,NULL
453121,2024_2025,750000,NULL
453307,2024_2025,400000,NULL
453307,2025_2026,300000,NULL
453737,2022_2023,1300000,NULL
453737,2023_2024,1300000,NULL
453737,2024_2025,1300000,NULL
453757,2022_2023,100000,NULL
453770,2022_2023,250000,NULL
453770,2023_2024,250000,NULL
453770,2024_2025,600000,NULL
453770,2025_2026,500000,NULL
453865,2022_2023,275000,NULL
453865,2023_2024,350000,NULL
453870,2023_2024,1800000,NULL
453870,2024_2025,6000000,NULL
453870,2025_2026,10000000,NULL
454863,2022_2023,5000000,NULL
454863,2023_2024,4000000,NULL
454863,2024_2025,5000000,NULL
454863,2025_2026,4500000,NULL
455661,2022_2023,600000,NULL
455661,2023_2024,2000000,NULL
455661,2024_2025,7500000,NULL
455661,2025_2026,70000000,NULL
455662,2024_2025,450000,NULL
455922,2022_2023,500000,NULL
455922,2023_2024,800000,NULL
455922,2025_2026,450000,NULL
456492,2022_2023,2500000,NULL
456492,2023_2024,1800000,NULL
457341,2023_2024,1500000,NULL
457341,2024_2025,1800000,NULL
460245,2022_2023,4000000,NULL
460245,2024_2025,6000000,NULL
460655,2024_2025,3000000,NULL
460655,2025_2026,5000000,NULL
464154,2024_2025,850000,NULL
467434,2022_2023,650000,NULL
467434,2023_2024,10000000,NULL
467434,2024_2025,15000000,NULL
467434,2025_2026,17000000,NULL
467437,2025_2026,35000000,NULL
467720,2022_2023,30000000,NULL
467720,2023_2024,30000000,NULL
468539,2023_2024,4000000,NULL
468539,2024_2025,3000000,NULL
468539,2025_2026,2000000,NULL
469949,2022_2023,1000000,NULL
469949,2023_2024,800000,NULL
469949,2024_2025,600000,NULL
469949,2025_2026,600000,NULL
470038,2022_2023,2500000,NULL
470038,2023_2024,1700000,NULL
470038,2024_2025,3000000,NULL
470038,2025_2026,4000000,NULL
470594,2022_2023,800000,NULL
470815,2022_2023,1500000,NULL
470815,2023_2024,600000,NULL
470815,2025_2026,350000,NULL
470816,2022_2023,200000,NULL
470816,2023_2024,200000,NULL
471055,2022_2023,1800000,NULL
471888,2022_2023,125000,NULL
471897,2023_2024,125000,NULL
472242,2022_2023,1000000,NULL
472242,2024_2025,1000000,NULL
472243,2022_2023,1500000,NULL
472243,2023_2024,1200000,NULL
472249,2022_2023,9000000,NULL
472249,2023_2024,6500000,NULL
472249,2024_2025,4000000,NULL
472249,2025_2026,5000000,NULL
473050,2022_2023,12000000,NULL
475413,2022_2023,6500000,NULL
475413,2023_2024,22000000,NULL
475413,2024_2025,18000000,NULL
475413,2025_2026,15000000,NULL
476915,2022_2023,1200000,NULL
477109,2023_2024,900000,NULL
477109,2024_2025,600000,NULL
477109,2025_2026,600000,NULL
478573,2023_2024,35000000,NULL
480692,2022_2023,75000000,NULL
480692,2025_2026,70000000,NULL
482383,2022_2023,150000,NULL
482383,2023_2024,150000,NULL
482383,2024_2025,150000,NULL
482573,2022_2023,600000,NULL
482573,2023_2024,800000,NULL
483046,2022_2023,8000000,NULL
483046,2023_2024,10000000,NULL
483046,2024_2025,28000000,NULL
483046,2025_2026,32000000,NULL
484547,2022_2023,25000000,NULL
484547,2023_2024,50000000,NULL
484547,2024_2025,50000000,NULL
485585,2023_2024,20000000,NULL
486046,2022_2023,9000000,NULL
486046,2024_2025,8000000,NULL
486046,2025_2026,8000000,NULL
486456,2023_2024,100000,NULL
487969,2022_2023,37000000,NULL
487969,2023_2024,70000000,NULL
489343,2022_2023,200000,NULL
490423,2023_2024,3500000,NULL
490581,2022_2023,800000,NULL
490581,2023_2024,1200000,NULL
490581,2024_2025,1000000,NULL
490609,2022_2023,200000,NULL
490609,2023_2024,200000,NULL
490609,2024_2025,200000,NULL
490609,2025_2026,700000,NULL
490884,2022_2023,5000000,NULL
490884,2023_2024,6000000,NULL
490884,2024_2025,3500000,NULL
493513,2025_2026,3000000,NULL
493899,2022_2023,225000,NULL
496094,2022_2023,35000000,NULL
496094,2023_2024,28000000,NULL
496094,2024_2025,35000000,NULL
496094,2025_2026,60000000,NULL
496767,2022_2023,2400000,NULL
499319,2022_2023,125000,NULL
500054,2023_2024,8000000,NULL
500054,2024_2025,7000000,NULL
501794,2022_2023,400000,NULL
501794,2023_2024,1000000,NULL
503160,2024_2025,7000000,NULL
503160,2025_2026,18000000,NULL
503482,2022_2023,35000000,NULL
503482,2023_2024,60000000,NULL
503482,2024_2025,45000000,NULL
503482,2025_2026,25000000,NULL
503866,2025_2026,8000000,NULL
504073,2022_2023,4000000,NULL
504153,2022_2023,12000000,NULL
504153,2023_2024,12000000,NULL
504153,2024_2025,10000000,NULL
504153,2025_2026,7000000,NULL
504215,2022_2023,35000000,NULL
504215,2023_2024,20000000,NULL
504215,2024_2025,12000000,NULL
504215,2025_2026,6000000,NULL
505653,2025_2026,28000000,NULL
507341,2024_2025,10000000,NULL
507341,2025_2026,8000000,NULL
507345,2023_2024,2000000,NULL
507345,2024_2025,5000000,NULL
507345,2025_2026,3500000,NULL
508961,2023_2024,125000,NULL
508961,2024_2025,75000,NULL
509650,2024_2025,1000000,NULL
509650,2025_2026,1500000,NULL
513245,2022_2023,28000000,NULL
513245,2023_2024,25000000,NULL
515017,2023_2024,2000000,NULL
515017,2024_2025,1000000,NULL
515624,2024_2025,800000,NULL
516978,2023_2024,600000,NULL
516978,2024_2025,800000,NULL
516978,2025_2026,1500000,NULL
518505,2022_2023,4500000,NULL
518505,2023_2024,4500000,NULL
518505,2024_2025,20000000,NULL
518505,2025_2026,25000000,NULL
519869,2022_2023,300000,NULL
519869,2023_2024,300000,NULL
519872,2025_2026,4000000,NULL
520468,2022_2023,5500000,NULL
520468,2023_2024,5500000,NULL
520857,2022_2023,700000,NULL
521412,2022_2023,150000,NULL
521412,2025_2026,150000,NULL
521964,2022_2023,6000000,NULL
522077,2022_2023,200000,NULL
522084,2024_2025,500000,NULL
522242,2023_2024,200000,NULL
522245,2025_2026,1200000,NULL
524285,2022_2023,6500000,NULL
524285,2023_2024,10000000,NULL
524285,2024_2025,8000000,NULL
524285,2025_2026,6000000,NULL
524290,2022_2023,400000,NULL
524290,2024_2025,3000000,NULL
524290,2025_2026,30000000,NULL
526466,2025_2026,4000000,NULL
526845,2022_2023,2000000,NULL
526845,2023_2024,6500000,NULL
526845,2024_2025,10000000,NULL
526845,2025_2026,20000000,NULL
527276,2022_2023,750000,NULL
527276,2023_2024,3000000,NULL
527276,2024_2025,1500000,NULL
529895,2024_2025,2500000,NULL
529895,2025_2026,3500000,NULL
531499,2022_2023,150000,NULL
532169,2023_2024,1500000,NULL
532169,2024_2025,1000000,NULL
532169,2025_2026,2000000,NULL
532495,2022_2023,1000000,NULL
532539,2022_2023,3500000,NULL
532776,2022_2023,12000000,NULL
532776,2023_2024,25000000,NULL
532776,2024_2025,22000000,NULL
532776,2025_2026,20000000,NULL
534304,2022_2023,225000,NULL
536482,2022_2023,7500000,NULL
536482,2023_2024,14000000,NULL
536482,2024_2025,9000000,NULL
536508,2025_2026,5000000,NULL
537598,2025_2026,18000000,NULL
538971,2022_2023,5500000,NULL
538977,2022_2023,16000000,NULL
539798,2024_2025,4500000,NULL
539798,2025_2026,10000000,NULL
540056,2025_2026,3500000,NULL
540302,2022_2023,1000000,NULL
541231,2022_2023,5000000,NULL
541231,2023_2024,5000000,NULL
542697,2023_2024,3000000,NULL
542697,2024_2025,1000000,NULL
544148,2023_2024,12000000,NULL
544148,2024_2025,5000000,NULL
545332,2023_2024,2700000,NULL
546213,2022_2023,15000000,NULL
546213,2023_2024,15000000,NULL
546213,2024_2025,15000000,NULL
546415,2022_2023,2000000,NULL
546415,2023_2024,1500000,NULL
546880,2023_2024,6000000,NULL
548348,2022_2023,9000000,NULL
548348,2023_2024,18000000,NULL
548348,2024_2025,10000000,NULL
548935,2023_2024,100000,NULL
549378,2025_2026,3000000,NULL
550580,2025_2026,7000000,NULL
550829,2023_2024,5000000,NULL
550829,2024_2025,7000000,NULL
552057,2022_2023,15000000,NULL
552057,2023_2024,15000000,NULL
552057,2024_2025,18000000,NULL
552057,2025_2026,15000000,NULL
553285,2022_2023,2000000,NULL
553285,2024_2025,5000000,NULL
553285,2025_2026,12000000,NULL
553539,2025_2026,450000,NULL
553905,2022_2023,800000,NULL
557614,2022_2023,5000000,NULL
557614,2023_2024,1500000,NULL
559263,2023_2024,14000000,NULL
562948,2024_2025,5000000,NULL
564545,2022_2023,30000000,NULL
564545,2023_2024,40000000,NULL
564545,2024_2025,40000000,NULL
564545,2025_2026,35000000,NULL
565118,2023_2024,200000,NULL
565424,2022_2023,4500000,NULL
565424,2025_2026,25000000,NULL
565435,2022_2023,500000,NULL
565435,2023_2024,7500000,NULL
565435,2024_2025,11000000,NULL
566723,2022_2023,22000000,NULL
566723,2024_2025,65000000,NULL
566723,2025_2026,130000000,NULL
566857,2022_2023,225000,NULL
566857,2023_2024,1000000,NULL
566857,2024_2025,1800000,NULL
566931,2023_2024,70000000,NULL
566931,2024_2025,80000000,NULL
566931,2025_2026,60000000,NULL
569031,2022_2023,200000,NULL
569031,2023_2024,2000000,NULL
569031,2024_2025,7000000,NULL
569031,2025_2026,5000000,NULL
569033,2022_2023,1500000,NULL
569033,2024_2025,4000000,NULL
569033,2025_2026,3500000,NULL
569349,2022_2023,1000000,NULL
569349,2023_2024,800000,NULL
569366,2022_2023,2500000,NULL
569366,2023_2024,25000000,NULL
569366,2024_2025,42000000,NULL
569383,2024_2025,7000000,NULL
569383,2025_2026,22000000,NULL
569385,2025_2026,1300000,NULL
569387,2024_2025,8500000,NULL
569387,2025_2026,7000000,NULL
569457,2023_2024,3500000,NULL
569457,2024_2025,3000000,NULL
569681,2022_2023,100000,NULL
570152,2022_2023,700000,NULL
570152,2023_2024,1200000,NULL
570152,2024_2025,1000000,NULL
570152,2025_2026,1000000,NULL
570160,2022_2023,600000,NULL
570160,2023_2024,800000,NULL
570160,2024_2025,450000,NULL
570160,2025_2026,350000,NULL
571299,2022_2023,3000000,NULL
571299,2023_2024,4000000,NULL
572891,2022_2023,150000,NULL
572919,2023_2024,700000,NULL
573978,2022_2023,200000,NULL
574193,2023_2024,400000,NULL
574193,2025_2026,2800000,NULL
574197,2024_2025,250000,NULL
574199,2024_2025,175000,NULL
574201,2023_2024,1000000,NULL
574201,2024_2025,800000,NULL
574201,2025_2026,1000000,NULL
577729,2024_2025,75000,NULL
578392,2023_2024,12000000,NULL
578392,2024_2025,30000000,NULL
578392,2025_2026,30000000,NULL
578680,2022_2023,3000000,NULL
579287,2024_2025,5500000,NULL
579287,2025_2026,22000000,NULL
579459,2025_2026,12000000,NULL
579565,2025_2026,10000000,NULL
580195,2022_2023,100000000,NULL
580195,2023_2024,110000000,NULL
580195,2024_2025,140000000,NULL
580195,2025_2026,130000000,NULL
581678,2022_2023,110000000,NULL
583699,2024_2025,2500000,NULL
583699,2025_2026,6000000,NULL
583767,2022_2023,250000,NULL
584062,2022_2023,175000,NULL
584254,2023_2024,300000,NULL
585959,2025_2026,25000000,NULL
586229,2022_2023,200000,NULL
586659,2022_2023,1500000,NULL
586659,2023_2024,1000000,NULL
586659,2024_2025,500000,NULL
588020,2022_2023,700000,NULL
589737,2022_2023,3500000,NULL
591193,2023_2024,6000000,NULL
591193,2024_2025,6000000,NULL
591193,2025_2026,3500000,NULL
592387,2025_2026,5500000,NULL
592534,2025_2026,5000000,NULL
596103,2022_2023,50000,NULL
596103,2023_2024,75000,NULL
596153,2022_2023,500000,NULL
596153,2023_2024,3000000,NULL
596153,2024_2025,9000000,NULL
596153,2025_2026,7000000,NULL
596881,2022_2023,2000000,NULL
597000,2022_2023,4000000,NULL
597000,2023_2024,9000000,NULL
597000,2024_2025,6000000,NULL
597000,2025_2026,8000000,NULL
597432,2024_2025,5000000,NULL
597432,2025_2026,18000000,NULL
598575,2022_2023,200000,NULL
598576,2024_2025,125000,NULL
598577,2022_2023,70000000,NULL
598577,2023_2024,100000000,NULL
598577,2024_2025,140000000,NULL
599419,2023_2024,500000,NULL
599419,2024_2025,4000000,NULL
599419,2025_2026,8000000,NULL
600942,2022_2023,250000,NULL
600942,2023_2024,250000,NULL
601143,2024_2025,800000,NULL
601143,2025_2026,1500000,NULL
602796,2022_2023,600000,NULL
602796,2023_2024,1000000,NULL
602796,2024_2025,2000000,NULL
602796,2025_2026,2500000,NULL
603734,2023_2024,200000,NULL
603734,2024_2025,200000,NULL
604320,2023_2024,1500000,NULL
604320,2024_2025,1500000,NULL
604327,2024_2025,3000000,NULL
604359,2023_2024,900000,NULL
604359,2024_2025,1500000,NULL
604756,2024_2025,500000,NULL
604756,2025_2026,600000,NULL
605268,2024_2025,8000000,NULL
605268,2025_2026,7000000,NULL
605572,2023_2024,75000,NULL
606079,2022_2023,200000,NULL
606209,2023_2024,50000,NULL
606220,2023_2024,50000,NULL
606220,2024_2025,200000,NULL
606301,2023_2024,100000,NULL
606301,2024_2025,100000,NULL
606752,2022_2023,3500000,NULL
607720,2022_2023,300000,NULL
607720,2024_2025,3000000,NULL
607720,2025_2026,12000000,NULL
608832,2022_2023,2000000,NULL
608832,2023_2024,6000000,NULL
608832,2024_2025,12000000,NULL
608832,2025_2026,16000000,NULL
610190,2024_2025,4500000,NULL
610190,2025_2026,2000000,NULL
610400,2025_2026,5000000,NULL
610428,2022_2023,2000000,NULL
610428,2025_2026,3000000,NULL
610431,2023_2024,2500000,NULL
610431,2024_2025,1000000,NULL
610798,2022_2023,200000,NULL
612826,2022_2023,13000000,NULL
612826,2023_2024,10000000,NULL
612826,2024_2025,10000000,NULL
612826,2025_2026,3000000,NULL
613192,2025_2026,6000000,NULL
615350,2025_2026,2000000,NULL
616344,2022_2023,7000000,NULL
616344,2025_2026,15000000,NULL
617074,2023_2024,3000000,NULL
618350,2022_2023,6500000,NULL
618350,2023_2024,6500000,NULL
618425,2022_2023,2000000,NULL
618472,2023_2024,40000000,NULL
618472,2024_2025,50000000,NULL
618472,2025_2026,45000000,NULL
618898,2024_2025,3000000,NULL
620217,2024_2025,5500000,NULL
620217,2025_2026,7000000,NULL
620295,2022_2023,300000,NULL
620295,2024_2025,2000000,NULL
620295,2025_2026,10000000,NULL
620312,2023_2024,100000,NULL
620598,2024_2025,10000000,NULL
620598,2025_2026,4000000,NULL
621802,2023_2024,6000000,NULL
621802,2024_2025,3000000,NULL
621802,2025_2026,3000000,NULL
623773,2025_2026,4000000,NULL
624690,2022_2023,25000000,NULL
624690,2023_2024,35000000,NULL
624690,2024_2025,26000000,NULL
627207,2022_2023,9000000,NULL
627228,2024_2025,25000000,NULL
627228,2025_2026,20000000,NULL
627356,2024_2025,600000,NULL
627356,2025_2026,700000,NULL
627442,2023_2024,30000000,NULL
627442,2024_2025,50000000,NULL
629588,2022_2023,7000000,NULL
629588,2023_2024,5000000,NULL
629588,2024_2025,3500000,NULL
629588,2025_2026,3500000,NULL
632147,2023_2024,200000,NULL
632349,2025_2026,40000000,NULL
635645,2024_2025,9500000,NULL
635645,2025_2026,6000000,NULL
636898,2025_2026,800000,NULL
638631,2022_2023,200000,NULL
638631,2023_2024,500000,NULL
639582,2023_2024,250000,NULL
640556,2025_2026,8000000,NULL
643574,2024_2025,7000000,NULL
643574,2025_2026,25000000,NULL
644771,2022_2023,20000000,NULL
644771,2023_2024,35000000,NULL
644771,2024_2025,30000000,NULL
645774,2022_2023,700000,NULL
645774,2024_2025,12000000,NULL
645774,2025_2026,6000000,NULL
649016,2024_2025,20000000,NULL
649022,2025_2026,3000000,NULL
649452,2024_2025,6000000,NULL
649672,2025_2026,4000000,NULL
652061,2024_2025,3000000,NULL
654234,2025_2026,7500000,NULL
654724,2024_2025,175000,NULL
654872,2022_2023,800000,NULL
654872,2023_2024,600000,NULL
654982,2025_2026,32000000,NULL
654991,2025_2026,14000000,NULL
655912,2022_2023,300000,NULL
656250,2023_2024,250000,NULL
656681,2023_2024,40000000,NULL
656681,2024_2025,45000000,NULL
656681,2025_2026,12000000,NULL
658116,2022_2023,600000,NULL
658116,2025_2026,1200000,NULL
659459,2024_2025,15000000,NULL
659459,2025_2026,25000000,NULL
659513,2022_2023,1000000,NULL
659513,2024_2025,9000000,NULL
659542,2024_2025,25000000,NULL
659542,2025_2026,12000000,NULL
659813,2022_2023,25000000,NULL
659813,2023_2024,35000000,NULL
659813,2024_2025,40000000,NULL
659813,2025_2026,50000000,NULL
661171,2023_2024,24000000,NULL
662808,2024_2025,450000,NULL
663189,2022_2023,200000,NULL
664708,2025_2026,25000000,NULL
664973,2022_2023,200000,NULL
665971,2023_2024,200000,NULL
665971,2024_2025,200000,NULL
666168,2023_2024,400000,NULL
666169,2022_2023,150000,NULL
666234,2023_2024,35000000,NULL
666234,2024_2025,28000000,NULL
667251,2025_2026,6000000,NULL
667457,2025_2026,17000000,NULL
668276,2023_2024,3500000,NULL
668606,2025_2026,15000000,NULL
670116,2024_2025,1000000,NULL
670116,2025_2026,800000,NULL
670882,2022_2023,8000000,NULL
670882,2023_2024,28000000,NULL
670882,2024_2025,50000000,NULL
671108,2025_2026,5000000,NULL
674921,2022_2023,1500000,NULL
675535,2023_2024,200000,NULL
675565,2022_2023,400000,NULL
675565,2023_2024,700000,NULL
675565,2024_2025,500000,NULL
675565,2025_2026,300000,NULL
677794,2022_2023,200000,NULL
678479,2022_2023,2000000,NULL
678479,2023_2024,4500000,NULL
678479,2024_2025,3500000,NULL
678479,2025_2026,3000000,NULL
678655,2025_2026,5000000,NULL
679597,2024_2025,1800000,NULL
681740,2023_2024,125000,NULL
684116,2022_2023,75000,NULL
684116,2024_2025,200000,NULL
684116,2025_2026,200000,NULL
684315,2023_2024,750000,NULL
684315,2024_2025,4000000,NULL
684315,2025_2026,15000000,NULL
684318,2023_2024,400000,NULL
684340,2022_2023,200000,NULL
684340,2023_2024,200000,NULL
684340,2024_2025,350000,NULL
685484,2024_2025,100000,NULL
685484,2025_2026,300000,NULL
685487,2024_2025,50000,NULL
687035,2022_2023,350000,NULL
690144,2022_2023,150000,NULL
690429,2022_2023,900000,NULL
690799,2023_2024,7000000,NULL
690799,2024_2025,10000000,NULL
691892,2022_2023,200000,NULL
691892,2024_2025,8000000,NULL
691892,2025_2026,35000000,NULL
692020,2023_2024,200000,NULL
692049,2022_2023,125000,NULL
692368,2025_2026,6000000,NULL
692737,2022_2023,250000,NULL
692737,2023_2024,800000,NULL
692737,2024_2025,7000000,NULL
692737,2025_2026,9000000,NULL
693357,2023_2024,1000000,NULL
693637,2024_2025,1000000,NULL
694132,2023_2024,1800000,NULL
694132,2024_2025,1500000,NULL
694132,2025_2026,2500000,NULL
694507,2025_2026,4000000,NULL
696012,2024_2025,25000,NULL
696019,2024_2025,150000,NULL
696027,2023_2024,300000,NULL
696028,2024_2025,300000,NULL
696164,2025_2026,4000000,NULL
697015,2022_2023,50000,NULL
697015,2023_2024,50000,NULL
697740,2025_2026,4000000,NULL
698523,2023_2024,100000,NULL
698840,2022_2023,200000,NULL
698840,2023_2024,200000,NULL
698843,2025_2026,350000,NULL
700106,2023_2024,9000000,NULL
700106,2025_2026,28000000,NULL
701757,2023_2024,700000,NULL
701757,2024_2025,4000000,NULL
701757,2025_2026,5000000,NULL
702869,2022_2023,3000000,NULL
707242,2025_2026,12000000,NULL
707350,2023_2024,200000,NULL
709726,2023_2024,15000000,NULL
709726,2024_2025,40000000,NULL
711969,2025_2026,12000000,NULL
711996,2025_2026,3000000,NULL
713644,2022_2023,600000,NULL
713644,2023_2024,12000000,NULL
716756,2023_2024,150000,NULL
717345,2023_2024,750000,NULL
717465,2022_2023,500000,NULL
717465,2023_2024,500000,NULL
718232,2022_2023,1000000,NULL
718232,2023_2024,1500000,NULL
718303,2025_2026,20000000,NULL
718460,2024_2025,150000,NULL
718460,2025_2026,600000,NULL
719672,2024_2025,1500000,NULL
720162,2023_2024,500000,NULL
720162,2024_2025,3500000,NULL
720162,2025_2026,1800000,NULL
720948,2023_2024,800000,NULL
720948,2024_2025,1200000,NULL
720948,2025_2026,3000000,NULL
724055,2024_2025,100000,NULL
724104,2022_2023,1000000,NULL
724104,2023_2024,2000000,NULL
724104,2024_2025,2000000,NULL
724104,2025_2026,3000000,NULL
726120,2022_2023,200000,NULL
726120,2023_2024,200000,NULL
726701,2025_2026,2500000,NULL
729165,2022_2023,100000,NULL
729165,2023_2024,300000,NULL
729165,2024_2025,300000,NULL
729181,2024_2025,200000,NULL
730484,2022_2023,300000,NULL
730484,2023_2024,300000,NULL
730484,2024_2025,3000000,NULL
730486,2023_2024,150000,NULL
730486,2024_2025,175000,NULL
730486,2025_2026,175000,NULL
730581,2025_2026,28000000,NULL
733371,2025_2026,1500000,NULL
741578,2023_2024,400000,NULL
743395,2022_2023,3000000,NULL
743395,2023_2024,3000000,NULL
743500,2022_2023,1500000,NULL
743500,2023_2024,1000000,NULL
743500,2024_2025,750000,NULL
743500,2025_2026,2000000,NULL
744558,2024_2025,2500000,NULL
744728,2024_2025,4000000,NULL
744729,2023_2024,500000,NULL
744729,2024_2025,500000,NULL
744857,2023_2024,400000,NULL
744857,2024_2025,3000000,NULL
744857,2025_2026,5000000,NULL
745075,2024_2025,25000,NULL
745075,2025_2026,400000,NULL
747957,2025_2026,125000,NULL
748070,2022_2023,300000,NULL
748506,2024_2025,450000,NULL
763948,2025_2026,650000,NULL
774531,2024_2025,50000,NULL
774531,2025_2026,50000,NULL
776890,2025_2026,45000000,NULL
777005,2023_2024,500000,NULL
777005,2024_2025,2000000,NULL
777005,2025_2026,12000000,NULL
782187,2025_2026,125000,NULL
787151,2023_2024,750000,NULL
787151,2024_2025,3000000,NULL
787151,2025_2026,7000000,NULL
787152,2024_2025,150000,NULL
787232,2023_2024,8000000,NULL
787912,2022_2023,2000000,NULL
787912,2023_2024,15000000,NULL
787912,2024_2025,12000000,NULL
787912,2025_2026,15000000,NULL
788445,2022_2023,2000000,NULL
789898,2022_2023,1000000,NULL
789898,2024_2025,1500000,NULL
789898,2025_2026,7000000,NULL
790918,2022_2023,250000,NULL
790918,2023_2024,250000,NULL
792380,2023_2024,2000000,NULL
792380,2024_2025,50000000,NULL
792380,2025_2026,65000000,NULL
793728,2025_2026,250000,NULL
795724,2024_2025,125000,NULL
795738,2022_2023,4500000,NULL
795738,2023_2024,4500000,NULL
795738,2025_2026,7000000,NULL
795762,2023_2024,250000,NULL
795762,2024_2025,250000,NULL
795767,2022_2023,50000,NULL
796212,2022_2023,300000,NULL
796213,2022_2023,1000000,NULL
796213,2023_2024,5000000,NULL
796213,2024_2025,4000000,NULL
796213,2025_2026,12000000,NULL
796216,2023_2024,100000,NULL
796297,2024_2025,18000000,NULL
796297,2025_2026,25000000,NULL
796429,2022_2023,3000000,NULL
798038,2022_2023,250000,NULL
798038,2023_2024,250000,NULL
798043,2022_2023,3500000,NULL
798043,2024_2025,12000000,NULL
798043,2025_2026,10000000,NULL
798091,2024_2025,75000,NULL
799993,2025_2026,2000000,NULL
800946,2023_2024,200000,NULL
800946,2024_2025,1500000,NULL
800946,2025_2026,7000000,NULL
800988,2024_2025,400000,NULL
801734,2023_2024,50000000,NULL
801734,2024_2025,30000000,NULL
802560,2024_2025,500000,NULL
802560,2025_2026,500000,NULL
804831,2023_2024,1000000,NULL
805123,2025_2026,400000,NULL
806007,2023_2024,150000,NULL
806007,2025_2026,200000,NULL
806732,2024_2025,50000,NULL
807386,2025_2026,24000000,NULL
808664,2024_2025,500000,NULL
810096,2025_2026,7000000,NULL
810100,2024_2025,2000000,NULL
810100,2025_2026,6000000,NULL
810293,2024_2025,75000,NULL
810293,2025_2026,150000,NULL
810649,2023_2024,750000,NULL
810649,2024_2025,4000000,NULL
810649,2025_2026,3000000,NULL
810669,2024_2025,125000,NULL
810895,2025_2026,24000000,NULL
815078,2023_2024,2000000,NULL
815078,2024_2025,3000000,NULL
815078,2025_2026,6000000,NULL
815322,2025_2026,1200000,NULL
815822,2022_2023,200000,NULL
815838,2024_2025,125000,NULL
816585,2024_2025,12000000,NULL
816585,2025_2026,45000000,NULL
817999,2023_2024,50000,NULL
819215,2022_2023,5000000,NULL
819215,2023_2024,8500000,NULL
819215,2024_2025,8500000,NULL
819215,2025_2026,7500000,NULL
820241,2023_2024,600000,NULL
820241,2024_2025,3000000,NULL
820241,2025_2026,7000000,NULL
820723,2025_2026,300000,NULL
820819,2023_2024,100000,NULL
820957,2025_2026,6000000,NULL
821441,2022_2023,25000,NULL
821442,2024_2025,75000,NULL
821442,2025_2026,75000,NULL
822958,2023_2024,125000,NULL
822958,2024_2025,3000000,NULL
822959,2022_2023,1000000,NULL
822959,2023_2024,3500000,NULL
822959,2024_2025,12000000,NULL
822959,2025_2026,40000000,NULL
825073,2023_2024,600000,NULL
825073,2024_2025,600000,NULL
825073,2025_2026,600000,NULL
826064,2023_2024,125000,NULL
829267,2025_2026,600000,NULL
829316,2024_2025,2500000,NULL
829820,2024_2025,350000,NULL
830108,2023_2024,1700000,NULL
830108,2024_2025,3000000,NULL
830108,2025_2026,2000000,NULL
838236,2024_2025,4000000,NULL
838236,2025_2026,2500000,NULL
842217,2024_2025,500000,NULL
842217,2025_2026,500000,NULL
846310,2024_2025,2000000,NULL
846310,2025_2026,7500000,NULL
848682,2024_2025,8500000,NULL
848682,2025_2026,8000000,NULL
849090,2024_2025,200000,NULL
849090,2025_2026,100000,NULL
854079,2023_2024,600000,NULL
855015,2023_2024,15000000,NULL
855015,2024_2025,14000000,NULL
855015,2025_2026,15000000,NULL
855134,2023_2024,4000000,NULL
855134,2024_2025,4000000,NULL
855134,2025_2026,2500000,NULL
856274,2024_2025,1500000,NULL
859433,2023_2024,75000,NULL
863759,2024_2025,1000000,NULL
863759,2025_2026,1000000,NULL
865682,2022_2023,300000,NULL
865682,2025_2026,18000000,NULL
866579,2024_2025,1500000,NULL
866579,2025_2026,5000000,NULL
866609,2023_2024,100000,NULL
867357,2023_2024,3000000,NULL
868622,2023_2024,600000,NULL
875332,2024_2025,3000000,NULL
875332,2025_2026,5000000,NULL
883007,2024_2025,400000,NULL
883007,2025_2026,2500000,NULL
884810,2024_2025,2000000,NULL
884820,2024_2025,1000000,NULL
884820,2025_2026,3000000,NULL
884822,2025_2026,1000000,NULL
890532,2025_2026,200000,NULL
892160,2025_2026,40000000,NULL
892973,2022_2023,1500000,NULL
892973,2023_2024,1500000,NULL
894692,2025_2026,150000,NULL
894914,2022_2023,4500000,NULL
894914,2024_2025,28000000,NULL
894914,2025_2026,32000000,NULL
897402,2025_2026,3000000,NULL
897403,2024_2025,100000,NULL
897424,2023_2024,8000000,NULL
897424,2024_2025,10000000,NULL
897424,2025_2026,28000000,NULL
897425,2023_2024,200000,NULL
897479,2025_2026,500000,NULL
897480,2025_2026,2000000,NULL
897505,2025_2026,5000000,NULL
900909,2023_2024,3500000,NULL
904723,2025_2026,1000000,NULL
904974,2023_2024,600000,NULL
904974,2024_2025,900000,NULL
905011,2025_2026,25000000,NULL
906969,2025_2026,300000,NULL
907082,2025_2026,100000,NULL
907085,2025_2026,300000,NULL
907483,2024_2025,500000,NULL
907489,2023_2024,500000,NULL
907489,2024_2025,500000,NULL
907589,2025_2026,100000,NULL
908946,2023_2024,125000,NULL
910538,2025_2026,125000,NULL
910541,2024_2025,1500000,NULL
910541,2025_2026,3000000,NULL
910582,2022_2023,250000,NULL
910582,2023_2024,250000,NULL
910582,2025_2026,150000,NULL
911990,2024_2025,550000,NULL
911990,2025_2026,500000,NULL
912438,2023_2024,100000,NULL
912455,2023_2024,500000,NULL
917042,2024_2025,75000,NULL
917792,2024_2025,75000,NULL
918362,2025_2026,150000,NULL
919515,2024_2025,20000000,NULL
919515,2025_2026,12000000,NULL
919703,2024_2025,100000,NULL
919703,2025_2026,3000000,NULL
920283,2023_2024,150000,NULL
920938,2024_2025,50000,NULL
920946,2024_2025,1500000,NULL
920946,2025_2026,1700000,NULL
922363,2024_2025,200000,NULL
922363,2025_2026,200000,NULL
923595,2024_2025,4000000,NULL
923595,2025_2026,7000000,NULL
923945,2024_2025,150000,NULL
923945,2025_2026,15000000,NULL
924117,2024_2025,5000000,NULL
924117,2025_2026,25000000,NULL
926301,2025_2026,1500000,NULL
926694,2024_2025,25000000,NULL
926694,2025_2026,28000000,NULL
927353,2024_2025,750000,NULL
927353,2025_2026,30000000,NULL
929943,2024_2025,500000,NULL
929992,2025_2026,300000,NULL
930013,2023_2024,50000,NULL
930013,2024_2025,150000,NULL
930013,2025_2026,150000,NULL
930025,2023_2024,200000,NULL
930998,2025_2026,500000,NULL
931668,2025_2026,50000,NULL
931838,2023_2024,28000000,NULL
931838,2024_2025,35000000,NULL
931838,2025_2026,40000000,NULL
933217,2024_2025,3000000,NULL
934317,2025_2026,150000,NULL
934529,2025_2026,300000,NULL
935019,2025_2026,400000,NULL
936981,2023_2024,2000000,NULL
937226,2025_2026,75000,NULL
937713,2024_2025,800000,NULL
937952,2025_2026,1000000,NULL
938146,2024_2025,3000000,NULL
939964,2023_2024,2500000,NULL
939964,2024_2025,7500000,NULL
939964,2025_2026,25000000,NULL
940198,2024_2025,350000,NULL
942497,2025_2026,4000000,NULL
943795,2023_2024,500000,NULL
943795,2025_2026,7000000,NULL
948279,2025_2026,15000000,NULL
948537,2023_2024,225000,NULL
948537,2024_2025,5000000,NULL
949389,2025_2026,75000,NULL
952779,2025_2026,15000000,NULL
955448,2024_2025,3000000,NULL
955448,2025_2026,3000000,NULL
956920,2024_2025,3000000,NULL
957874,2022_2023,2000000,NULL
957874,2025_2026,30000000,NULL
960444,2025_2026,400000,NULL
960462,2025_2026,300000,NULL
969376,2025_2026,4000000,NULL
971663,2025_2026,7000000,NULL
974581,2025_2026,75000,NULL
974894,2024_2025,125000,NULL
974894,2025_2026,1000000,NULL
977464,2023_2024,5000000,NULL
977464,2024_2025,5000000,NULL
977464,2025_2026,7000000,NULL
982863,2025_2026,600000,NULL
987122,2024_2025,100000,NULL
987122,2025_2026,500000,NULL
989613,2025_2026,500000,NULL
993870,2023_2024,250000,NULL
994536,2025_2026,15000000,NULL
995520,2025_2026,250000,NULL
997566,2024_2025,250000,NULL
997861,2023_2024,1500000,NULL
997861,2024_2025,2500000,NULL
997861,2025_2026,7000000,NULL
1000138,2025_2026,500000,NULL
1000675,2024_2025,800000,NULL
1000675,2025_2026,2000000,NULL
1005509,2024_2025,2000000,NULL
1005509,2025_2026,4000000,NULL
1008568,2025_2026,1200000,NULL
1009438,2025_2026,1800000,NULL
1009439,2025_2026,150000,NULL
1009441,2025_2026,800000,NULL
1009442,2025_2026,1300000,NULL
1009463,2025_2026,250000,NULL
1017047,2024_2025,100000,NULL
1017047,2025_2026,300000,NULL
1018259,2024_2025,10000000,NULL
1025989,2025_2026,150000,NULL
1031773,2025_2026,400000,NULL
1031774,2024_2025,1400000,NULL
1031774,2025_2026,1700000,NULL
1032924,2025_2026,125000,NULL
1035765,2023_2024,900000,NULL
1035765,2024_2025,2000000,NULL
1035765,2025_2026,12000000,NULL
1042472,2025_2026,250000,NULL
1045243,2025_2026,350000,NULL
1045344,2024_2025,350000,NULL
1045446,2025_2026,600000,NULL
1045762,2024_2025,300000,NULL
1045986,2025_2026,150000,NULL
1047294,2025_2026,125000,NULL
1052420,2024_2025,500000,NULL
1052420,2025_2026,1800000,NULL
1058353,2025_2026,400000,NULL
1058514,2025_2026,1000000,NULL
1058520,2024_2025,400000,NULL
1058520,2025_2026,2500000,NULL
1067439,2025_2026,300000,NULL
1067904,2024_2025,9000000,NULL
1067904,2025_2026,25000000,NULL
1069512,2024_2025,2500000,NULL
1069512,2025_2026,4000000,NULL
1069641,2025_2026,150000,NULL
1070979,2025_2026,2500000,NULL
1073748,2025_2026,2500000,NULL
1073997,2023_2024,150000,NULL
1073997,2024_2025,300000,NULL
1074523,2025_2026,250000,NULL
1074526,2024_2025,350000,NULL
1075147,2025_2026,60000000,NULL
1077670,2025_2026,8000000,NULL
1081947,2024_2025,100000,NULL
1084539,2025_2026,5000000,NULL
1084638,2025_2026,20000000,NULL
1103940,2024_2025,800000,NULL
1103940,2025_2026,800000,NULL
1104418,2025_2026,1500000,NULL
1104725,2024_2025,150000,NULL
1108022,2025_2026,1500000,NULL
1110712,2025_2026,100000,NULL
1114155,2025_2026,4000000,NULL
1116191,2024_2025,1500000,NULL
1116191,2025_2026,4000000,NULL
1118495,2025_2026,1000000,NULL
1125079,2025_2026,175000,NULL
1131117,2025_2026,1500000,NULL
1131924,2025_2026,2000000,NULL
1133977,2025_2026,800000,NULL
1141179,2025_2026,25000,NULL
1145064,2025_2026,8000000,NULL
1145504,2025_2026,12000000,NULL
1146988,2025_2026,4000000,NULL
1148239,2025_2026,1000000,NULL
1154876,2025_2026,450000,NULL
1159439,2025_2026,125000,NULL
1168219,2025_2026,40000000,NULL
1168222,2025_2026,250000,NULL
1184986,2025_2026,5000000,NULL
1188989,2025_2026,400000,NULL
1213681,2024_2025,700000,NULL
1213681,2025_2026,5000000,NULL
1235583,2025_2026,1200000,NULL
1259870,2025_2026,2000000,NULL
1309324,2025_2026,1500000,NULL
1364454,2025_2026,22000000,NULL
1380977,2025_2026,1000000,NULL
1390649,2025_2026,45000000,NULL
