tm_id,full_name_tm,date_of_birth,club_name,shirt_number,season,market_value_eur,last_updated
132098,"Harry Kane",1993-07-28,"FC Bayern München",9,2023/2024,60000000,2026-05-27
196357,"Jonathan Tah",1996-02-11,"FC Bayern München",4,2023/2024,28000000,2026-05-27
424204,"Alphonso Davies",2000-11-02,"FC Bayern München",19,2023/2024,40000000,2026-05-27
904974,"Noel Aseko",2005-11-22,"FC Bayern München",NULL,2023/2024,12000000,2026-06-01
475413,"Sacha Boey",2000-09-13,"FC Bayern München",23,2023/2024,10000000,2026-05-21
744728,"Arijon Ibrahimovic",2005-12-11,"FC Bayern München",NULL,2023/2024,10000000,2026-05-27
744729,"Tarek Buchmann",2005-02-28,"FC Bayern München",NULL,2023/2024,300000,2026-06-01
1118495,"David Santos Daiber",2007-01-10,"FC Bayern München",14,2023/2024,3000000,2026-05-27
161056,"Joshua Kimmich",1995-02-08,"FC Bayern München",6,2023/2024,35000000,2026-05-27
1009439,"Leon Klanac",2007-03-01,"FC Bayern München",1,2023/2024,150000,2026-06-17
713644,"Bryan Zaragoza",2001-09-09,"FC Bayern München",NULL,2023/2024,8000000,2026-05-29
892973,"Lovro Zvonarek",2005-05-08,"FC Bayern München",NULL,2023/2024,1800000,2026-06-02
257455,"João Palhinha",1995-07-09,"FC Bayern München",16,2023/2024,15000000,2026-06-03
822959,"Tom Bischof",2005-06-28,"FC Bayern München",20,2023/2024,40000000,2026-05-27
480692,"Luis Díaz",1997-01-13,"FC Bayern München",14,2023/2024,70000000,2026-05-27
503482,"Min-jae Kim",1996-11-15,"FC Bayern München",3,2023/2024,20000000,2026-05-27
792380,"Aleksandar Pavlovic",2004-05-03,"FC Bayern München",45,2023/2024,90000000,2026-05-27
195778,"Alexander Nübel",1996-09-30,"FC Bayern München",NULL,2023/2024,12000000,2026-05-27
566723,"Michael Olise",2001-12-12,"FC Bayern München",17,2023/2024,150000000,2026-05-27
569033,"Armindo Sieb",2003-02-17,"FC Bayern München",NULL,2023/2024,2500000,2026-05-27
1075147,"Lennart Karl",2008-02-22,"FC Bayern München",42,2023/2024,60000000,2026-05-27
223967,"Konrad Laimer",1997-05-27,"FC Bayern München",27,2023/2024,32000000,2026-05-27
580195,"Jamal Musiala",2003-02-26,"FC Bayern München",10,2023/2024,100000000,2026-05-27
353892,"Hiroki Ito",1999-05-12,"FC Bayern München",21,2023/2024,18000000,2026-05-27
483046,"Josip Stanisic",2000-04-02,"FC Bayern München",44,2023/2024,40000000,2026-05-27
607720,"Jonas Urbig",2003-08-08,"FC Bayern München",40,2023/2024,18000000,2026-05-27
40680,"Sven Ulreich",1988-08-03,"FC Bayern München",26,2023/2024,500000,2026-05-27
17259,"Manuel Neuer",1986-03-27,"FC Bayern München",1,2023/2024,4000000,2026-05-27
159471,"Serge Gnabry",1995-07-14,"FC Bayern München",7,2023/2024,18000000,2026-05-27
344695,"Dayot Upamecano",1998-10-27,"FC Bayern München",2,2023/2024,70000000,2026-05-27
897424,"Assan Ouédraogo",2006-05-09,"RB Leipzig",20,2023/2024,28000000,2026-05-27
897425,"Timo Schlieck",2006-03-02,"RB Leipzig",NULL,2023/2024,400000,2026-06-01
865682,"Ezechiel Banzuzi",2005-02-16,"RB Leipzig",6,2023/2024,16000000,2026-05-27
810649,"Max Finkgräfe",2004-03-27,"RB Leipzig",35,2023/2024,5000000,2026-05-27
1024924,"Ota Yamamoto",2004-06-04,"RB Leipzig",NULL,2023/2024,700000,2026-06-09
486046,"Maarten Vandevoordt",2002-02-26,"RB Leipzig",26,2023/2024,15000000,2026-05-27
93740,"Willi Orbán",1992-11-03,"RB Leipzig",4,2023/2024,5000000,2026-05-27
763948,"Ayodele Thomas",2007-07-23,"RB Leipzig",21,2023/2024,1000000,2026-05-27
215599,"Lukas Klostermann",1996-06-03,"RB Leipzig",16,2023/2024,3500000,2026-05-27
565424,"Johan Bakayoko",2003-04-20,"RB Leipzig",9,2023/2024,20000000,2026-05-27
957874,Rômulo,2002-02-08,"RB Leipzig",40,2023/2024,30000000,2026-05-27
324278,"Christoph Baumgartner",1999-08-01,"RB Leipzig",14,2023/2024,40000000,2026-05-27
955448,"Tidiam Gomis",2006-08-08,"RB Leipzig",27,2023/2024,5000000,2026-05-27
1390649,"Yan Diomande",2006-11-14,"RB Leipzig",49,2023/2024,90000000,2026-05-27
990146,"Joyeux Masanka Bungi",2007-01-24,"RB Leipzig",NULL,2023/2024,400000,2026-06-02
894914,"Antonio Nusa",2005-04-17,"RB Leipzig",7,2023/2024,32000000,2026-05-27
787912,"El Chadaille Bitshiabu",2005-05-16,"RB Leipzig",5,2023/2024,18000000,2026-05-27
160971,"Leopold Zingerle",1994-04-10,"RB Leipzig",25,2023/2024,300000,2026-05-27
952779,"Andrija Maksimovic",2007-06-05,"RB Leipzig",33,2023/2024,9000000,2026-05-27
1130445,"Abdoul Koné",2005-04-22,"RB Leipzig",NULL,2023/2024,15000000,2026-05-26
327251,"Ridle Baku",1998-04-08,"RB Leipzig",17,2023/2024,12000000,2026-05-27
404950,"Nicolas Seiwald",2001-05-04,"RB Leipzig",13,2023/2024,25000000,2026-05-27
807386,"Conrad Harder",2005-04-07,"RB Leipzig",11,2023/2024,17000000,2026-05-27
1074526,"Viggo Gebel",2007-11-22,"RB Leipzig",NULL,2023/2024,350000,2026-05-27
202591,"Benjamin Henrichs",1997-02-23,"RB Leipzig",39,2023/2024,7000000,2026-05-27
926694,"Arthur Vermeeren",2005-02-07,"RB Leipzig",NULL,2023/2024,20000000,2026-06-01
618472,"Castello Lukeba",2002-12-17,"RB Leipzig",23,2023/2024,50000000,2026-05-27
400489,"Eljif Elmas",1999-09-24,"RB Leipzig",NULL,2023/2024,13000000,2026-05-29
467434,"Rocco Reitz",2002-05-29,"RB Leipzig",NULL,2023/2024,20000000,2026-05-27
57071,"Péter Gulácsi",1990-05-06,"RB Leipzig",1,2023/2024,1000000,2026-05-27
420210,"Lutsharel Geertruida",2000-07-18,"RB Leipzig",NULL,2023/2024,20000000,2026-06-03
941177,"Robert Ramsak",2006-10-28,"RB Leipzig",NULL,2023/2024,250000,2026-06-17
318204,"David Raum",1998-04-22,"RB Leipzig",22,2023/2024,25000000,2026-05-27
1235583,"Suleman Sani",2006-09-01,"RB Leipzig",18,2023/2024,5000000,2026-05-27
261504,"Aleix García",1997-06-28,"Bayer 04 Leverkusen",24,2023/2024,20000000,2026-05-27
221316,"Lucas Vázquez",1991-07-01,"Bayer 04 Leverkusen",21,2023/2024,1500000,2026-05-27
664708,"Equi Fernández",2002-07-25,"Bayer 04 Leverkusen",6,2023/2024,20000000,2026-05-27
442891,"Martin Terrier",1997-03-04,"Bayer 04 Leverkusen",11,2023/2024,8000000,2026-05-27
810895,"Eliesse Ben Seghir",2005-02-16,"Bayer 04 Leverkusen",17,2023/2024,20000000,2026-05-27
125714,"Mark Flekken",1993-06-13,"Bayer 04 Leverkusen",1,2023/2024,6000000,2026-05-27
1182738,"Abdoulaye Faye",2004-09-22,"Bayer 04 Leverkusen",NULL,2023/2024,4500000,2026-06-01
1131924,"Jeremiah Mensah",2008-02-21,"Bayer 04 Leverkusen",NULL,2023/2024,2000000,2025-12-19
81173,"Janis Blaswich",1991-05-02,"Bayer 04 Leverkusen",28,2023/2024,700000,2026-05-27
1133977,"Issa Traoré",2007-11-14,"Bayer 04 Leverkusen",41,2023/2024,800000,2026-05-27
632349,"Jarell Quansah",2003-01-29,"Bayer 04 Leverkusen",4,2023/2024,45000000,2026-05-27
1077670,"Axel Tape",2007-08-10,"Bayer 04 Leverkusen",16,2023/2024,8000000,2026-05-27
85543,"Niklas Lomb",1993-07-28,"Bayer 04 Leverkusen",36,2023/2024,250000,2026-05-27
242086,"Patrik Schick",1996-01-24,"Bayer 04 Leverkusen",14,2023/2024,18000000,2026-05-27
656681,"Victor Boniface",2000-12-23,"Bayer 04 Leverkusen",NULL,2023/2024,5000000,2026-05-27
401578,"Exequiel Palacios",1998-10-05,"Bayer 04 Leverkusen",25,2023/2024,25000000,2026-05-27
1214123,"Kennet Eichhorn",2009-07-27,"Bayer 04 Leverkusen",18,2023/2024,20000000,2026-06-01
905011,"Ibrahim Maza",2005-11-24,"Bayer 04 Leverkusen",30,2023/2024,45000000,2026-05-27
977464,Arthur,2003-03-17,"Bayer 04 Leverkusen",13,2023/2024,8000000,2026-05-27
564545,"Edmond Tapsoba",1999-02-02,"Bayer 04 Leverkusen",12,2023/2024,35000000,2026-05-27
929994,"Kerim Alajbegovic",2007-09-21,"Bayer 04 Leverkusen",NULL,2023/2024,22000000,2026-05-26
1058514,"Montrell Culbreath",2007-08-29,"Bayer 04 Leverkusen",42,2023/2024,15000000,2026-05-27
730581,"Loïc Badé",2000-04-11,"Bayer 04 Leverkusen",5,2023/2024,20000000,2026-05-27
1073625,"Aleksa Damjanovic",2008-12-04,"Bayer 04 Leverkusen",NULL,2023/2024,5000000,2026-06-05
952282,"Afonso Moreira",2005-03-19,"Bayer 04 Leverkusen",NULL,2023/2024,20000000,2026-06-01
919515,"Jeanuël Belocian",2005-02-17,"Bayer 04 Leverkusen",NULL,2023/2024,12000000,2026-05-27
718303,"Ernest Poku",2004-01-28,"Bayer 04 Leverkusen",19,2023/2024,25000000,2026-05-27
340322,"Nathan Tella",1999-07-05,"Bayer 04 Leverkusen",23,2023/2024,15000000,2026-05-27
743395,"Noah Mbamba",2005-01-05,"Bayer 04 Leverkusen",NULL,2023/2024,2000000,2026-06-04
696164,"Tim Oermann",2003-10-06,"Bayer 04 Leverkusen",15,2023/2024,4000000,2026-05-27
1000675,"Alejo Sarco",2006-01-06,"Bayer 04 Leverkusen",NULL,2023/2024,2000000,2026-05-27
1364454,"Christian Kofane",2006-07-26,"Bayer 04 Leverkusen",35,2023/2024,40000000,2026-05-27
467437,"Malik Tillman",2002-05-28,"Bayer 04 Leverkusen",10,2023/2024,30000000,2026-05-27
159088,"Robert Andrich",1994-09-22,"Bayer 04 Leverkusen",8,2023/2024,6000000,2026-05-27
7161,"Jonas Hofmann",1992-07-14,"Bayer 04 Leverkusen",7,2023/2024,1500000,2026-05-27
897402,"Farid Alfa-Ruprecht",2006-03-28,"Bayer 04 Leverkusen",NULL,2023/2024,3000000,2026-06-01
119296,"Emre Can",1994-01-12,"Borussia Dortmund",23,2023/2024,3000000,2026-05-27
659459,"Carney Chukwuemeka",2003-10-20,"Borussia Dortmund",17,2023/2024,20000000,2026-05-27
796297,"Jobe Bellingham",2005-09-23,"Borussia Dortmund",7,2023/2024,40000000,2026-05-27
819215,"Julien Duranville",2006-05-05,"Borussia Dortmund",NULL,2023/2024,6000000,2026-06-02
866579,"Cole Campbell",2006-02-20,"Borussia Dortmund",NULL,2023/2024,5000000,2026-05-27
257814,"Gregor Kobel",1997-12-06,"Borussia Dortmund",1,2023/2024,40000000,2026-05-27
627228,"Yan Couto",2002-06-03,"Borussia Dortmund",2,2023/2024,17000000,2026-05-27
1074990,"Luca Reggiani",2008-01-09,"Borussia Dortmund",49,2023/2024,10000000,2026-05-27
505653,"Fábio Silva",2002-07-19,"Borussia Dortmund",21,2023/2024,22000000,2026-05-27
1058359,"Samuele Inácio",2008-04-02,"Borussia Dortmund",40,2023/2024,15000000,2026-05-27
1141179,"Mussa Kaba",2008-11-17,"Borussia Dortmund",NULL,2023/2024,200000,2026-06-17
284732,"Ramy Bensebaini",1995-04-16,"Borussia Dortmund",5,2023/2024,7000000,2026-05-27
883007,"Filippo Mane",2005-03-08,"Borussia Dortmund",39,2023/2024,2500000,2026-05-27
448705,"Diant Ramaj",2001-09-19,"Borussia Dortmund",NULL,2023/2024,7000000,2026-05-27
884810,"Kjell Wätjen",2006-02-16,"Borussia Dortmund",NULL,2023/2024,2500000,2026-06-01
270541,"Serhou Guirassy",1996-03-12,"Borussia Dortmund",9,2023/2024,32000000,2026-05-27
684116,"Silas Ostrzinski",2003-11-19,"Borussia Dortmund",31,2023/2024,200000,2025-12-19
884820,"Almugera Kabar",2006-06-06,"Borussia Dortmund",42,2023/2024,3000000,2026-05-27
579287,"Daniel Svensson",2002-02-12,"Borussia Dortmund",24,2023/2024,22000000,2026-05-27
578392,"Maximilian Beier",2002-10-17,"Borussia Dortmund",14,2023/2024,40000000,2026-05-27
496094,"Karim Adeyemi",2002-01-18,"Borussia Dortmund",27,2023/2024,40000000,2026-05-27
1185507,"Justin Lerma",2008-05-05,"Borussia Dortmund",NULL,2023/2024,3200000,2026-06-03
370789,"Julian Ryerson",1997-11-17,"Borussia Dortmund",26,2023/2024,25000000,2026-05-27
388198,"Nico Schlotterbeck",1999-12-01,"Borussia Dortmund",4,2023/2024,55000000,2026-05-27
106987,"Marcel Sabitzer",1994-03-17,"Borussia Dortmund",20,2023/2024,6000000,2026-05-27
193004,"Waldemar Anton",1996-07-20,"Borussia Dortmund",3,2023/2024,18000000,2026-05-27
94192,"Patrick Drewes",1993-02-04,"Borussia Dortmund",30,2023/2024,300000,2026-05-27
406640,"Felix Nmecha",2000-10-10,"Borussia Dortmund",8,2023/2024,50000000,2026-05-27
1075577,"Joane Gadou",2007-01-17,"Borussia Dortmund",NULL,2023/2024,20000000,2026-05-26
76158,"Alexander Meyer",1991-04-13,"Borussia Dortmund",33,2023/2024,500000,2026-05-27
232320,"Atakan Karazor",1996-10-13,"VfB Stuttgart",16,2023/2024,8000000,2026-05-27
1030528,"Tim van der Leij",2006-03-06,"VfB Stuttgart",NULL,2023/2024,400000,2026-05-21
448258,"Josha Vagnoman",2000-12-11,"VfB Stuttgart",4,2023/2024,10000000,2026-05-27
654982,"Bilal El Khannouss",2004-05-10,"VfB Stuttgart",11,2023/2024,35000000,2026-05-27
971663,"Jeremy Arévalo",2005-03-19,"VfB Stuttgart",25,2023/2024,7000000,2026-05-27
170517,"Marius Funk",1996-01-01,"VfB Stuttgart",NULL,2023/2024,300000,2026-05-29
539798,"Luca Jaquez",2003-06-02,"VfB Stuttgart",14,2023/2024,10000000,2026-05-27
344598,"Dan-Axel Zagadou",1999-06-03,"VfB Stuttgart",23,2023/2024,2000000,2026-05-27
272278,"Chris Führich",1998-01-09,"VfB Stuttgart",10,2023/2024,12000000,2026-05-27
616344,"Tiago Tomás",2002-06-16,"VfB Stuttgart",8,2023/2024,15000000,2026-05-27
711969,"Lorenz Assignon",2000-06-22,"VfB Stuttgart",22,2023/2024,9000000,2026-05-27
400546,"Nikolas Nartey",2000-02-22,"VfB Stuttgart",28,2023/2024,10000000,2026-05-27
720162,"Justin Diehl",2004-11-27,"VfB Stuttgart",17,2023/2024,1200000,2026-05-29
282660,"Maximilian Mittelstädt",1997-03-18,"VfB Stuttgart",7,2023/2024,18000000,2026-05-27
707242,"Badredine Bouanani",2004-12-08,"VfB Stuttgart",27,2023/2024,10000000,2026-05-27
234029,"Grischa Prömel",1995-01-09,"VfB Stuttgart",NULL,2023/2024,3500000,2026-05-27
800946,"Dennis Seimen",2005-12-01,"VfB Stuttgart",NULL,2023/2024,10000000,2026-06-01
943795,"Jovan Milosevic",2005-07-31,"VfB Stuttgart",NULL,2023/2024,7000000,2026-05-27
620598,"Ameen Al-Dakhil",2002-03-06,"VfB Stuttgart",2,2023/2024,3000000,2026-05-27
948279,"Chema Andrés",2005-04-25,"VfB Stuttgart",30,2023/2024,20000000,2026-05-27
443710,"Angelo Stiller",2001-04-04,"VfB Stuttgart",6,2023/2024,45000000,2026-05-27
507345,"Leonidas Stergiou",2002-03-03,"VfB Stuttgart",NULL,2023/2024,2500000,2026-05-27
924117,"Finn Jeltsch",2006-07-17,"VfB Stuttgart",29,2023/2024,35000000,2026-05-27
436064,"Ramon Hendriks",2001-07-18,"VfB Stuttgart",3,2023/2024,25000000,2026-05-27
897505,"Lazar Jovanovic",2006-11-30,"VfB Stuttgart",45,2023/2024,3500000,2026-05-27
335457,"Ermedin Demirovic",1998-03-25,"VfB Stuttgart",9,2023/2024,22000000,2026-05-27
388067,"Stefan Drljaca",1999-04-20,"VfB Stuttgart",21,2023/2024,300000,2026-05-27
187624,"Fabian Bredlow",1995-03-02,"VfB Stuttgart",1,2023/2024,700000,2026-05-27
518505,"Jamie Leweling",2001-02-26,"VfB Stuttgart",18,2023/2024,40000000,2026-05-27
1131117,"Mirza Catovic",2007-05-01,"VfB Stuttgart",35,2023/2024,4000000,2026-05-29
339314,"Deniz Undav",1996-07-19,"VfB Stuttgart",26,2023/2024,22000000,2026-05-27
303219,"Jeff Chabot",1998-02-12,"VfB Stuttgart",24,2023/2024,15000000,2026-05-27
692368,"Younes Ebnoutalib",2003-09-13,"Eintracht Frankfurt",11,2023/2024,8000000,2026-05-27
744857,"Elias Baum",2005-10-26,"Eintracht Frankfurt",2,2023/2024,4000000,2026-05-27
290587,"Ellyes Skhiri",1995-05-10,"Eintracht Frankfurt",15,2023/2024,5000000,2026-05-27
684315,"Nnamdi Collins",2004-01-10,"Eintracht Frankfurt",34,2023/2024,20000000,2026-05-27
536482,"Junior Dina Ebimbe",2000-11-21,"Eintracht Frankfurt",NULL,2023/2024,6000000,2026-06-01
571299,"Hrvoje Smolcic",2000-08-17,"Eintracht Frankfurt",NULL,2023/2024,2000000,2026-05-21
448177,"Jessic Ngankam",2000-07-20,"Eintracht Frankfurt",NULL,2023/2024,700000,2026-05-26
429874,"Ansgar Knauff",2002-01-10,"Eintracht Frankfurt",7,2023/2024,15000000,2026-05-27
691892,"Nathaniel Brown",2003-06-16,"Eintracht Frankfurt",21,2023/2024,40000000,2026-05-27
49723,"Timothy Chandler",1990-03-29,"Eintracht Frankfurt",22,2023/2024,350000,2026-05-27
939964,"Jean-Mattéo Bahoya",2005-05-07,"Eintracht Frankfurt",19,2023/2024,25000000,2026-05-27
816585,"Can Uzun",2005-11-11,"Eintracht Frankfurt",42,2023/2024,45000000,2026-05-27
196813,"Michael Zetterer",1995-07-12,"Eintracht Frankfurt",23,2023/2024,4000000,2026-05-27
333647,"Jonathan Burkardt",2000-07-11,"Eintracht Frankfurt",9,2023/2024,30000000,2026-05-27
328784,"Robin Koch",1996-07-17,"Eintracht Frankfurt",4,2023/2024,10000000,2026-05-27
675535,"Noel Futkeu",2002-12-06,"Eintracht Frankfurt",NULL,2023/2024,7500000,2026-06-01
659542,"Elye Wahi",2003-01-02,"Eintracht Frankfurt",NULL,2023/2024,18000000,2026-06-01
591193,"Niels Nkounkou",2000-11-01,"Eintracht Frankfurt",NULL,2023/2024,2600000,2026-05-29
1184986,"Love Arrhov",2008-05-17,"Eintracht Frankfurt",31,2023/2024,5000000,2026-05-27
74842,"Mario Götze",1992-06-03,"Eintracht Frankfurt",27,2023/2024,3000000,2026-05-27
40034,"Jens Grahl",1988-09-22,"Eintracht Frankfurt",33,2023/2024,200000,2026-05-27
997861,"Kauã Santos",2003-04-11,"Eintracht Frankfurt",40,2023/2024,7000000,2026-05-27
846310,"Oscar Højlund",2005-01-04,"Eintracht Frankfurt",6,2023/2024,15000000,2026-05-27
855015,"Farès Chaïbi",2002-11-28,"Eintracht Frankfurt",8,2023/2024,15000000,2026-05-27
726120,"Simon Simoni",2004-07-14,"Eintracht Frankfurt",NULL,2023/2024,600000,2026-06-01
358504,"Ritsu Doan",1998-06-16,"Eintracht Frankfurt",20,2023/2024,17000000,2026-05-27
1146988,"Keita Kosugi",2006-03-18,"Eintracht Frankfurt",26,2023/2024,5000000,2026-05-27
179184,"Michy Batshuayi",1993-10-02,"Eintracht Frankfurt",30,2023/2024,2000000,2026-05-27
799993,"Ayoube Amaimouni-Echghouyab",2004-11-30,"Eintracht Frankfurt",29,2023/2024,10000000,2026-05-27
368891,"Arthur Theate",2000-05-25,"Eintracht Frankfurt",3,2023/2024,17000000,2026-05-27
635645,"Aurèle Amenda",2003-07-31,"Eintracht Frankfurt",5,2023/2024,10000000,2026-05-27
931838,"Hugo Larsson",2004-06-27,"Eintracht Frankfurt",16,2023/2024,28000000,2026-05-27
1067904,"Bazoumana Touré",2006-03-02,"TSG 1899 Hoffenheim",29,2023/2024,40000000,2026-05-27
934529,"Kelven Frees",2005-02-03,"TSG 1899 Hoffenheim",45,2023/2024,500000,2026-05-29
524290,"Fisnik Asllani",2002-08-08,"TSG 1899 Hoffenheim",11,2023/2024,35000000,2026-05-27
579459,"Albian Hajdari",2003-05-18,"TSG 1899 Hoffenheim",21,2023/2024,25000000,2026-05-27
789898,"Muhammed Damar",2004-04-09,"TSG 1899 Hoffenheim",10,2023/2024,5000000,2026-05-27
907277,"Sean Dulic",2005-06-05,"TSG 1899 Hoffenheim",NULL,2023/2024,1200000,2026-05-29
829838,"Hennes Behrens",2005-01-19,"TSG 1899 Hoffenheim",40,2023/2024,5000000,2026-05-27
618898,"Erencan Yardımcı",2002-02-04,"TSG 1899 Hoffenheim",53,2023/2024,1800000,2026-06-01
1018259,"Gift Orban",2002-07-17,"TSG 1899 Hoffenheim",14,2023/2024,7000000,2026-05-29
412953,"Wouter Burger",2001-02-16,"TSG 1899 Hoffenheim",18,2023/2024,20000000,2026-05-27
432671,"Luca Philipp",2000-11-28,"TSG 1899 Hoffenheim",37,2023/2024,750000,2026-05-27
1116191,"Luis Engelns",2007-03-11,"TSG 1899 Hoffenheim",16,2023/2024,4000000,2026-05-27
569387,"Valentin Gendrey",2000-06-21,"TSG 1899 Hoffenheim",15,2023/2024,6000000,2026-05-27
361260,"Ozan Kabak",2000-03-25,"TSG 1899 Hoffenheim",5,2023/2024,15000000,2026-05-27
251309,"Dennis Geiger",1998-06-10,"TSG 1899 Hoffenheim",NULL,2023/2024,1000000,2026-05-20
533295,"Patrick Wimmer",2001-05-30,"TSG 1899 Hoffenheim",8,2023/2024,12000000,2026-05-27
55089,"Oliver Baumann",1990-06-02,"TSG 1899 Hoffenheim",1,2023/2024,2500000,2026-05-27
1108022,"Deniz Zeitler",2006-12-13,"TSG 1899 Hoffenheim",38,2023/2024,4000000,2026-05-29
930998,"Yannick Eduardo",2006-01-23,"TSG 1899 Hoffenheim",31,2023/2024,2500000,2026-05-29
620217,"Robin Hranac",2000-01-29,"TSG 1899 Hoffenheim",2,2023/2024,10000000,2026-05-27
415035,"Koki Machida",1997-08-25,"TSG 1899 Hoffenheim",28,2023/2024,6000000,2026-05-27
667457,"Leon Avdullahu",2004-02-23,"TSG 1899 Hoffenheim",7,2023/2024,30000000,2026-05-27
875332,"Arthur Chaves",2001-01-29,"TSG 1899 Hoffenheim",35,2023/2024,5000000,2026-05-27
434116,"Alexander Prass",2001-05-26,"TSG 1899 Hoffenheim",22,2023/2024,9000000,2026-05-27
553285,"Tim Lemperle",2002-02-05,"TSG 1899 Hoffenheim",19,2023/2024,17000000,2026-05-27
1075143,"Natnael Abraha",2008-03-14,"TSG 1899 Hoffenheim",NULL,2023/2024,400000,2026-05-29
569031,"Umut Tohumcu",2004-08-11,"TSG 1899 Hoffenheim",17,2023/2024,3500000,2026-06-01
923595,"Max Moerstedt",2006-01-15,"TSG 1899 Hoffenheim",9,2023/2024,7000000,2026-05-27
263380,"Attila Szalai",1998-01-20,"TSG 1899 Hoffenheim",41,2023/2024,2000000,2026-06-04
1047136,"Cajetan Lenz",2006-06-16,"TSG 1899 Hoffenheim",32,2023/2024,10000000,2026-06-01
364258,Bernardo,1995-05-14,"TSG 1899 Hoffenheim",13,2023/2024,4000000,2026-05-27
157672,"Vladimír Coufal",1992-08-22,"TSG 1899 Hoffenheim",34,2023/2024,2500000,2026-05-27
574193,"Bambasé Conté",2003-07-07,"TSG 1899 Hoffenheim",20,2023/2024,4000000,2026-06-01
203123,"Haris Tabakovic",1994-06-20,"TSG 1899 Hoffenheim",26,2023/2024,3500000,2026-05-27
46580,"Andrej Kramaric",1991-06-19,"TSG 1899 Hoffenheim",27,2023/2024,2500000,2026-05-27
552057,"Adam Hlozek",2002-07-25,"TSG 1899 Hoffenheim",23,2023/2024,10000000,2026-05-27
987770,"Alessandro Vogt",2005-02-03,"TSG 1899 Hoffenheim",NULL,2023/2024,8000000,2026-06-02
718460,"Lúkas Petersson",2004-02-09,"TSG 1899 Hoffenheim",36,2023/2024,600000,2026-05-27
983677,"Mats Rots",2006-03-11,"TSG 1899 Hoffenheim",39,2023/2024,12000000,2026-05-28
620295,"Mio Backhaus",2004-04-16,"SC Freiburg",NULL,2023/2024,15000000,2026-05-27
93707,"Christian Günter",1993-02-28,"SC Freiburg",30,2023/2024,2000000,2026-05-27
337036,"Florent Muslija",1998-07-06,"SC Freiburg",23,2023/2024,1800000,2026-06-01
645774,"Eren Dinkçi",2001-12-13,"SC Freiburg",18,2023/2024,6000000,2026-05-27
863759,"Bruno Ogbus",2005-12-17,"SC Freiburg",43,2023/2024,15000000,2026-05-27
1159439,"Rouven Tarnutzer",2007-07-24,"SC Freiburg",NULL,2023/2024,400000,2026-06-17
927353,"Johan Manzambi",2005-10-14,"SC Freiburg",44,2023/2024,50000000,2026-05-27
916623,"Keisuke Goto",2005-06-03,"SC Freiburg",42,2023/2024,10000000,2026-06-04
432403,"Rihito Yamamoto",2001-12-12,"SC Freiburg",20,2023/2024,7000000,2026-06-04
93604,"Lukas Kübler",1992-08-30,"SC Freiburg",17,2023/2024,1500000,2026-05-27
248999,"Lucas Höler",1994-07-10,"SC Freiburg",9,2023/2024,3000000,2026-05-27
342967,"Niklas Beste",1999-01-04,"SC Freiburg",19,2023/2024,10000000,2026-05-27
160954,"Jannik Huth",1994-04-15,"SC Freiburg",24,2023/2024,400000,2026-05-27
668606,"Yuito Suzuki",2001-10-25,"SC Freiburg",14,2023/2024,24000000,2026-05-27
443331,"Patrick Osterhage",2000-02-01,"SC Freiburg",6,2023/2024,12000000,2026-05-27
907082,"Karl Steinmann",2005-12-13,"SC Freiburg",NULL,2023/2024,150000,2026-06-17
190284,"Maximilian Eggestein",1996-12-08,"SC Freiburg",8,2023/2024,10000000,2026-05-27
907087,"Berkay Yılmaz",2005-02-25,"SC Freiburg",27,2023/2024,7000000,2026-06-01
605268,"Igor Matanovic",2003-03-31,"SC Freiburg",31,2023/2024,22000000,2026-05-27
124502,"Matthias Ginter",1994-01-19,"SC Freiburg",28,2023/2024,5000000,2026-05-27
820957,"Derry Scherhant",2002-11-10,"SC Freiburg",7,2023/2024,7500000,2026-05-27
284769,"Florian Müller",1997-11-13,"SC Freiburg",21,2023/2024,1200000,2026-05-27
815078,"Jordy Makengo",2001-08-03,"SC Freiburg",33,2023/2024,6000000,2026-05-27
1145064,"Cyriaque Irié",2005-06-20,"SC Freiburg",22,2023/2024,8000000,2026-05-27
225657,"Philipp Lienhart",1996-07-11,"SC Freiburg",3,2023/2024,10000000,2026-05-27
58995,"Anthony Jung",1991-11-03,"SC Freiburg",5,2023/2024,600000,2026-05-27
185077,"Vincenzo Grifo",1993-04-07,"SC Freiburg",32,2023/2024,4000000,2026-05-27
335993,"Philipp Treu",2000-12-03,"SC Freiburg",29,2023/2024,15000000,2026-05-27
599419,"Max Rosenfelder",2003-02-10,"SC Freiburg",37,2023/2024,6000000,2026-05-27
526845,"Noah Atubolu",2002-05-25,"SC Freiburg",1,2023/2024,25000000,2026-05-27
562948,"Hyun-seok Hong",1999-06-16,"1.FSV Mainz 05",NULL,2023/2024,2500000,2026-06-04
392710,"Lennard Maloney",1999-10-08,"1.FSV Mainz 05",15,2023/2024,2500000,2026-05-27
232454,"Nadiem Amiri",1996-10-27,"1.FSV Mainz 05",10,2023/2024,17000000,2026-05-27
597000,"Eric Martel",2002-04-29,"1.FSV Mainz 05",NULL,2023/2024,8000000,2026-05-27
85906,"Danny da Costa",1993-07-13,"1.FSV Mainz 05",21,2023/2024,1200000,2026-05-27
470038,"Ransford Königsdörffer",2001-09-13,"1.FSV Mainz 05",NULL,2023/2024,5000000,2026-05-27
453016,"Anthony Caci",1997-07-01,"1.FSV Mainz 05",19,2023/2024,7000000,2026-05-27
168989,"Silvan Widmer",1993-03-05,"1.FSV Mainz 05",30,2023/2024,800000,2026-05-27
314398,"Jae-sung Lee",1992-08-10,"1.FSV Mainz 05",7,2023/2024,2000000,2026-05-27
594731,"Fabio Gruber",2002-09-03,"1.FSV Mainz 05",NULL,2023/2024,3000000,2026-06-01
934317,"Maxim Dal",2006-01-26,"1.FSV Mainz 05",47,2023/2024,150000,2026-06-17
82350,"Stefan Bell",1991-08-24,"1.FSV Mainz 05",16,2023/2024,600000,2026-05-27
796213,"Nelson Weiper",2005-03-17,"1.FSV Mainz 05",44,2023/2024,7000000,2026-05-27
733371,"Sota Kawasaki",2001-07-30,"1.FSV Mainz 05",24,2023/2024,2000000,2026-05-27
118847,"Dominik Kohr",1994-01-31,"1.FSV Mainz 05",31,2023/2024,2000000,2026-05-27
160963,"Robin Zentner",1994-10-28,"1.FSV Mainz 05",27,2023/2024,2500000,2026-05-27
658116,"Ben Bobzien",2003-04-29,"1.FSV Mainz 05",NULL,2023/2024,2000000,2026-06-01
324811,"Arnaud Nordin",1998-06-17,"1.FSV Mainz 05",NULL,2023/2024,4000000,2026-06-01
1073748,"Kacper Potulski",2007-10-19,"1.FSV Mainz 05",48,2023/2024,18000000,2026-05-27
127573,"Phillipp Mwene",1994-01-29,"1.FSV Mainz 05",2,2023/2024,1500000,2026-05-27
288340,"Phillip Tietz",1997-07-09,"1.FSV Mainz 05",20,2023/2024,4000000,2026-05-27
188888,"Sheraldo Becker",1995-02-09,"1.FSV Mainz 05",23,2023/2024,1500000,2026-05-27
612826,Silas,1998-10-06,"1.FSV Mainz 05",26,2023/2024,2000000,2026-05-27
610400,"William Bøving",2003-03-01,"1.FSV Mainz 05",14,2023/2024,3500000,2026-05-27
279009,"Marco Richter",1997-11-24,"1.FSV Mainz 05",NULL,2023/2024,1500000,2026-06-01
453870,"Benedict Hollerbach",2001-05-17,"1.FSV Mainz 05",17,2023/2024,8000000,2026-05-27
490609,"Lasse Rieß",2001-07-27,"1.FSV Mainz 05",1,2023/2024,500000,2026-05-27
817521,"Maximilian Kinzig",2003-12-04,"1.FSV Mainz 05",NULL,2023/2024,150000,2026-06-17
901877,"Otto Ruoppi",2006-01-31,"1.FSV Mainz 05",NULL,2023/2024,1000000,2026-06-15
643574,"Kaishu Sano",2000-12-30,"1.FSV Mainz 05",6,2023/2024,40000000,2026-05-27
503160,"Paul Nebel",2002-10-10,"1.FSV Mainz 05",8,2023/2024,18000000,2026-05-27
370683,"Andreas Hanche-Olsen",1997-01-17,"1.FSV Mainz 05",25,2023/2024,3500000,2026-05-27
264960,"Robin Fellhauer",1998-01-21,"FC Augsburg",19,2023/2024,3500000,2026-05-27
526466,"Elias Saad",1999-12-27,"FC Augsburg",NULL,2023/2024,2000000,2026-06-01
1132292,"Faik Sakar",2008-01-14,"FC Augsburg",NULL,2023/2024,200000,2026-03-20
1309324,"Uchenna Ogundu",2006-05-12,"FC Augsburg",39,2023/2024,4000000,2026-05-27
120205,"Michael Gregoritsch",1994-04-18,"FC Augsburg",38,2023/2024,1500000,2026-05-27
610190,"Nediljko Labrovic",1999-10-10,"FC Augsburg",22,2023/2024,2000000,2026-05-27
382478,"Cédric Zesiger",1998-06-24,"FC Augsburg",16,2023/2024,5000000,2026-05-27
413843,"Keven Schlotterbeck",1997-04-28,"FC Augsburg",31,2023/2024,6000000,2026-05-27
342039,"Yannik Keitel",2000-02-15,"FC Augsburg",14,2023/2024,2000000,2026-05-27
654234,"Anton Kade",2004-01-17,"FC Augsburg",30,2023/2024,10000000,2026-05-27
251299,"Finn Dahmen",1998-03-27,"FC Augsburg",1,2023/2024,12000000,2026-05-27
106405,"Jeffrey Gouweleeuw",1991-07-10,"FC Augsburg",6,2023/2024,1000000,2026-05-27
569383,"Chrislain Matsima",2002-05-15,"FC Augsburg",5,2023/2024,22000000,2026-05-27
923945,"Noahkai Banks",2006-12-01,"FC Augsburg",40,2023/2024,20000000,2026-05-27
374954,"Kristijan Jakic",1997-05-14,"FC Augsburg",17,2023/2024,6000000,2026-05-27
288429,"Mads Pedersen",1996-09-01,"FC Augsburg",3,2023/2024,800000,2026-05-27
777005,"Mert Kömür",2005-07-17,"FC Augsburg",36,2023/2024,12000000,2026-05-27
557614,"Nathanaël Mbuku",2002-03-16,"FC Augsburg",NULL,2023/2024,2000000,2026-05-26
726701,"Rodrigo Ribeiro",2005-04-28,"FC Augsburg",21,2023/2024,4000000,2026-05-27
238639,"Steve Mounié",1994-09-29,"FC Augsburg",NULL,2023/2024,1500000,2026-05-21
371000,"David Colina",2000-07-19,"FC Augsburg",NULL,2023/2024,650000,2026-05-29
960444,"Oliver Sorg",2007-07-31,"FC Augsburg",43,2023/2024,400000,2026-05-27
536508,"Han-Noah Massengo",2001-07-07,"FC Augsburg",4,2023/2024,8000000,2026-05-27
604359,"Yusuf Kabadayi",2004-02-02,"FC Augsburg",NULL,2023/2024,1200000,2026-05-21
1069641,"Felix Meiser",2007-01-16,"FC Augsburg",41,2023/2024,150000,2026-05-27
507341,"Fabian Rieder",2002-02-16,"FC Augsburg",32,2023/2024,12000000,2026-05-27
295630,"Dimitrios Giannoulis",1995-10-17,"FC Augsburg",13,2023/2024,3000000,2026-05-27
982863,"Kyliane Dong",2004-09-27,"FC Augsburg",NULL,2023/2024,900000,2026-05-26
384593,"Alexis Claude-Maurice",1998-06-06,"FC Augsburg",20,2023/2024,15000000,2026-05-27
193900,"Marius Wolf",1995-05-27,"FC Augsburg",27,2023/2024,2500000,2026-05-27
675565,"Thomas Kastanaras",2003-01-09,"FC Augsburg",24,2023/2024,300000,2026-05-27
358766,"Calvin Brackelmann",1999-08-22,"FC Augsburg",NULL,2023/2024,3000000,2026-06-01
569457,"Tim Breithaupt",2002-02-07,"FC Augsburg",NULL,2023/2024,800000,2026-06-01
730486,"Mahmut Kücüksahin",2004-04-07,"FC Augsburg",42,2023/2024,150000,2026-05-27
162434,"Niklas Stark",1995-04-14,"SV Werder Bremen",4,2023/2024,2500000,2026-05-27
334221,"Amos Pieper",1998-01-17,"SV Werder Bremen",5,2023/2024,4000000,2026-05-27
654991,"Samuel Mbangula",2004-01-16,"SV Werder Bremen",7,2023/2024,8000000,2026-05-27
243856,"Cedric Itten",1996-12-27,"SV Werder Bremen",NULL,2023/2024,1800000,2026-06-01
830108,"Julián Malatini",2001-05-31,"SV Werder Bremen",22,2023/2024,2000000,2026-05-27
208167,"Dawid Kownacki",1997-03-14,"SV Werder Bremen",NULL,2023/2024,1500000,2026-06-01
393512,"Felix Agu",1999-09-27,"SV Werder Bremen",27,2023/2024,4500000,2026-05-27
1042472,"Salim Musah",2006-02-22,"SV Werder Bremen",29,2023/2024,2000000,2026-05-27
119211,"Mitchell Weiser",1994-04-21,"SV Werder Bremen",8,2023/2024,3000000,2026-05-27
826795,"Dariusz Stalmach",2005-12-08,"SV Werder Bremen",NULL,2023/2024,1500000,2026-06-01
289835,"Jens Stage",1996-11-08,"SV Werder Bremen",6,2023/2024,14000000,2026-05-27
926763,Chuki,2004-04-29,"SV Werder Bremen",NULL,2023/2024,8000000,2026-06-22
1114155,"Patrice Covic",2007-06-25,"SV Werder Bremen",24,2023/2024,4000000,2026-05-27
596153,"Justin Njinmah",2000-11-15,"SV Werder Bremen",11,2023/2024,5000000,2026-05-27
701757,"Keke Topp",2004-03-25,"SV Werder Bremen",9,2023/2024,3000000,2026-05-27
156990,"Marco Friedl",1998-03-16,"SV Werder Bremen",32,2023/2024,10000000,2026-05-27
1025989,"Stefan Smarkalev",2007-05-14,"SV Werder Bremen",1,2023/2024,150000,2026-05-27
1178695,"Kenny Quetant",2006-07-17,"SV Werder Bremen",NULL,2023/2024,3000000,2026-06-01
493513,"Karl Hein",2002-04-13,"SV Werder Bremen",1,2023/2024,3000000,2026-05-27
391766,"Marco Grüll",1998-07-06,"SV Werder Bremen",17,2023/2024,4000000,2026-05-27
855134,"Skelly Alvero",2002-05-04,"SV Werder Bremen",28,2023/2024,2000000,2026-05-26
1084638,"Karim Coulibaly",2007-05-23,"SV Werder Bremen",31,2023/2024,28000000,2026-05-27
1045986,"Mick Schmetgens",2007-09-09,"SV Werder Bremen",33,2023/2024,700000,2026-05-27
346853,"Romano Schmid",2000-01-27,"SV Werder Bremen",20,2023/2024,15000000,2026-05-27
621802,"Olivier Deman",2000-04-06,"SV Werder Bremen",2,2023/2024,3500000,2026-05-27
338668,"Senne Lynen",1999-02-19,"SV Werder Bremen",14,2023/2024,8000000,2026-05-27
99451,"Markus Kolke",1990-08-18,"SV Werder Bremen",25,2023/2024,300000,2026-05-27
592387,"Sebastian Sebulonsen",2000-01-27,"1.FC Köln",28,2023/2024,5500000,2026-05-27
227089,"Matthias Köbbing",1997-05-28,"1.FC Köln",44,2023/2024,100000,2026-05-27
393745,"Jusuf Gazibegovic",2000-03-11,"1.FC Köln",NULL,2023/2024,2000000,2026-05-26
464154,"Imad Rondic",1999-02-16,"1.FC Köln",NULL,2023/2024,750000,2026-06-01
160929,"Marvin Schwäbe",1995-04-25,"1.FC Köln",1,2023/2024,3000000,2026-05-27
942497,"Jahmai Simpson-Pusey",2005-11-04,"1.FC Köln",22,2023/2024,9000000,2026-05-27
890532,"Fayssal Harchaoui",2006-01-15,"1.FC Köln",34,2023/2024,200000,2026-05-27
640556,"Rav van den Berg",2004-07-07,"1.FC Köln",33,2023/2024,7000000,2026-05-27
236981,"Timo Hübers",1996-07-20,"1.FC Köln",4,2023/2024,1500000,2026-05-27
405687,"Tom Krauß",2001-06-22,"1.FC Köln",5,2023/2024,4500000,2026-05-27
472249,"Jan Thielmann",2002-05-26,"1.FC Köln",29,2023/2024,5000000,2026-05-27
407098,"Jakub Kaminski",2002-06-05,"1.FC Köln",16,2023/2024,17000000,2026-05-27
340166,"Alessio Castro-Montes",1997-05-17,"1.FC Köln",17,2023/2024,2500000,2026-05-27
944331,"Youssoupha Niang",2006-03-25,"1.FC Köln",38,2023/2024,2000000,2026-05-27
795724,"Emin Kujovic",2004-09-29,"1.FC Köln",NULL,2023/2024,300000,2026-05-26
21327,"Ron-Robert Zieler",1989-02-12,"1.FC Köln",20,2023/2024,500000,2026-05-27
322517,"Joël Schmied",1998-09-23,"1.FC Köln",2,2023/2024,3000000,2026-05-27
1118293,"Fynn Schenten",2007-09-14,"1.FC Köln",40,2023/2024,1000000,2026-05-27
1168219,"Said El Mala",2006-08-26,"1.FC Köln",13,2023/2024,45000000,2026-05-27
1168222,"Malek El Mala",2005-04-02,"1.FC Köln",19,2023/2024,250000,2026-05-27
542697,"Rasmus Carstensen",2000-11-10,"1.FC Köln",NULL,2023/2024,2000000,2026-05-25
196095,"Luca Waldschmidt",1996-05-19,"1.FC Köln",7,2023/2024,2000000,2026-05-27
579565,"Ísak Jóhannesson",2003-03-23,"1.FC Köln",18,2023/2024,8000000,2026-05-27
744558,"Julian Pauli",2005-07-18,"1.FC Köln",NULL,2023/2024,2500000,2026-06-01
795762,"Elias Bakatukanda",2004-04-13,"1.FC Köln",NULL,2023/2024,300000,2026-05-26
116088,"Marius Bülter",1993-03-29,"1.FC Köln",30,2023/2024,1800000,2026-05-27
416380,"Ragnar Ache",1998-07-28,"1.FC Köln",9,2023/2024,9000000,2026-05-27
335103,"Linton Maina",1999-06-23,"1.FC Köln",37,2023/2024,3000000,2026-05-27
383362,"Enzo Leopold",2000-07-23,"Borussia Mönchengladbach",NULL,2023/2024,4000000,2026-06-01
1070979,"Wael Mohya",2008-12-31,"Borussia Mönchengladbach",36,2023/2024,17000000,2026-05-27
724104,"Fabio Chiarodia",2005-06-05,"Borussia Mönchengladbach",2,2023/2024,3000000,2026-05-27
193033,"Tim Kleindienst",1995-08-31,"Borussia Mönchengladbach",11,2023/2024,8000000,2026-05-27
229006,"Franck Honorat",1996-08-11,"Borussia Mönchengladbach",9,2023/2024,7000000,2026-05-27
544148,"Tomas Cvancara",2000-08-13,"Borussia Mönchengladbach",NULL,2023/2024,2000000,2026-05-20
504215,"Giovanni Reyna",2002-11-13,"Borussia Mönchengladbach",13,2023/2024,4000000,2026-05-27
322073,"Isac Lidberg",1998-09-08,"Borussia Mönchengladbach",NULL,2023/2024,5000000,2026-06-01
31653,"Tobias Sippel",1988-03-22,"Borussia Mönchengladbach",21,2023/2024,300000,2026-05-27
467250,"Yukhym Konoplya",1999-08-26,"Borussia Mönchengladbach",NULL,2023/2024,5000000,2026-06-02
550580,"Shuto Machino",1999-09-30,"Borussia Mönchengladbach",18,2023/2024,4000000,2026-05-27
388409,"Philipp Sander",1998-02-21,"Borussia Mönchengladbach",16,2023/2024,4000000,2026-05-27
278332,"Florian Neuhaus",1997-03-16,"Borussia Mönchengladbach",10,2023/2024,2500000,2026-05-27
604358,"David Herold",2003-02-20,"Borussia Mönchengladbach",NULL,2023/2024,4000000,2026-06-01
613192,"Jens Castrop",2003-07-29,"Borussia Mönchengladbach",17,2023/2024,10000000,2026-05-27
90317,"Daniel Batz",1991-01-12,"Borussia Mönchengladbach",NULL,2023/2024,350000,2026-05-27
787151,"Lukas Ullrich",2004-03-16,"Borussia Mönchengladbach",26,2023/2024,6000000,2026-05-27
629588,"Nathan Ngoumou",2000-03-14,"Borussia Mönchengladbach",19,2023/2024,3500000,2026-05-27
957526,"Zento Uno",2003-11-20,"Borussia Mönchengladbach",NULL,2023/2024,1000000,2026-06-03
504153,"Joe Scally",2002-12-31,"Borussia Mönchengladbach",29,2023/2024,7000000,2026-05-27
696028,"Noah Pesch",2005-05-18,"Borussia Mönchengladbach",NULL,2023/2024,600000,2026-06-01
335209,"Kevin Diks",1996-10-06,"Borussia Mönchengladbach",4,2023/2024,5000000,2026-05-27
284010,"Robin Hack",1998-08-27,"Borussia Mönchengladbach",25,2023/2024,7000000,2026-05-27
284270,"Moritz Nicolas",1997-10-21,"Borussia Mönchengladbach",33,2023/2024,8000000,2026-05-27
455922,"Jan Olschowsky",2001-11-18,"Borussia Mönchengladbach",23,2023/2024,450000,2026-05-27
667251,"Hugo Bolin",2003-07-24,"Borussia Mönchengladbach",38,2023/2024,6000000,2026-05-27
106872,"Kevin Stöger",1993-08-27,"Borussia Mönchengladbach",7,2023/2024,1800000,2026-05-27
574201,"Grant-Leon Ranos",2003-07-20,"Borussia Mönchengladbach",NULL,2023/2024,600000,2026-06-01
192635,"Nico Elvedi",1996-09-30,"Borussia Mönchengladbach",30,2023/2024,8000000,2026-05-27
692737,"Aljoscha Kemlein",2004-08-02,"1.FC Union Berlin",6,2023/2024,12000000,2026-05-27
196231,"Marvin Friedrich",1995-12-13,"1.FC Union Berlin",NULL,2023/2024,1800000,2026-05-27
294791,"Chris Bedia",1996-03-05,"1.FC Union Berlin",NULL,2023/2024,3000000,2026-06-02
75921,"Christopher Trimmel",1987-02-24,"1.FC Union Berlin",28,2023/2024,600000,2026-05-27
583699,"Andrej Ilic",2000-04-03,"1.FC Union Berlin",23,2023/2024,9000000,2026-05-27
1027870,"Andrik Markgraf",2006-03-07,"1.FC Union Berlin",3,2023/2024,300000,2026-05-27
161057,"Carl Klaus",1994-01-16,"1.FC Union Berlin",25,2023/2024,350000,2026-05-27
287920,"Tim Skarke",1996-09-07,"1.FC Union Berlin",21,2023/2024,1500000,2026-05-27
597432,"Leopold Querfeld",2003-12-20,"1.FC Union Berlin",14,2023/2024,20000000,2026-05-27
270393,"Robert Skov",1996-05-20,"1.FC Union Berlin",24,2023/2024,2000000,2026-05-27
995520,"Oluwaseun Ogbemudia",2006-07-18,"1.FC Union Berlin",NULL,2023/2024,800000,2026-05-29
519872,"Livan Burcu",2004-09-28,"1.FC Union Berlin",9,2023/2024,4000000,2026-05-27
371141,"Stanley Nsoki",1999-04-09,"1.FC Union Berlin",34,2023/2024,2000000,2026-05-27
341317,"Oliver Burke",1997-04-07,"1.FC Union Berlin",7,2023/2024,3000000,2026-05-27
1045446,"Dmytro Bogdanov",2007-03-06,"1.FC Union Berlin",30,2023/2024,800000,2026-05-27
454863,"András Schäfer",1999-04-13,"1.FC Union Berlin",13,2023/2024,4500000,2026-05-27
738774,"Zeno Van Den Bosch",2003-07-06,"1.FC Union Berlin",NULL,2023/2024,6000000,2026-06-04
798043,"Tom Rothe",2004-10-29,"1.FC Union Berlin",15,2023/2024,10000000,2026-05-27
838236,"Marin Ljubicic",2002-02-28,"1.FC Union Berlin",NULL,2023/2024,2000000,2026-06-01
362977,"Josip Juranovic",1995-08-16,"1.FC Union Berlin",18,2023/2024,2000000,2026-05-27
391780,"Derrick Köhn",1999-02-04,"1.FC Union Berlin",39,2023/2024,4000000,2026-05-27
1033581,"Julien Friedrich",2006-11-12,"1.FC Union Berlin",NULL,2023/2024,125000,2026-06-17
297583,"Woo-yeong Jeong",1999-09-20,"1.FC Union Berlin",11,2023/2024,3500000,2026-05-27
177779,"Janik Haberer",1994-04-02,"1.FC Union Berlin",19,2023/2024,2000000,2026-05-27
745075,"David Preu",2004-10-26,"1.FC Union Berlin",17,2023/2024,400000,2026-05-27
1035765,"Ilyas Ansah",2004-11-08,"1.FC Union Berlin",10,2023/2024,12000000,2026-05-27
124410,"Rani Khedira",1994-01-27,"1.FC Union Berlin",8,2023/2024,2000000,2026-05-27
386685,"Matheo Raab",1998-12-18,"1.FC Union Berlin",31,2023/2024,600000,2026-05-27
107775,"Frederik Rönnow",1992-08-04,"1.FC Union Berlin",1,2023/2024,2000000,2026-05-27
84993,"Daniel Heuer Fernandes",1992-11-13,"Hamburger SV",1,2023/2024,1200000,2026-05-27
549378,"Sander Tangvik",2002-11-29,"Hamburger SV",12,2023/2024,3000000,2026-05-27
1052420,"Aboubaka Soumahoro",2005-02-04,"Hamburger SV",22,2023/2024,1200000,2026-05-26
1294853,"Louis Lemke",2009-10-08,"Hamburger SV",16,2023/2024,300000,2026-03-24
412935,"Immanuel Pherai",2001-04-25,"Hamburger SV",10,2023/2024,1500000,2026-06-01
1048715,"Fernando Dickes",2007-10-13,"Hamburger SV",41,2023/2024,300000,2026-05-27
381967,"Albert Sambi Lokonga",1999-10-22,"Hamburger SV",6,2023/2024,12000000,2026-05-27
592534,"Nicolai Remberg",2000-06-19,"Hamburger SV",21,2023/2024,9000000,2026-05-27
291222,"Jean-Luc Dompé",1995-08-12,"Hamburger SV",7,2023/2024,2500000,2026-05-27
227110,"Jordan Torunarigha",1997-08-07,"Hamburger SV",25,2023/2024,4000000,2026-05-27
503866,"Albert Grønbæk",2001-05-23,"Hamburger SV",11,2023/2024,5000000,2026-05-27
711996,"Warmed Omari",2000-04-23,"Hamburger SV",17,2023/2024,4000000,2026-05-27
157635,"Yussuf Poulsen",1994-06-15,"Hamburger SV",15,2023/2024,1000000,2026-05-27
649672,"Nicolás Capaldo",1998-09-14,"Hamburger SV",24,2023/2024,8000000,2026-05-27
743500,"William Mikelbrencis",2004-02-25,"Hamburger SV",2,2023/2024,3000000,2026-05-27
910541,"Fábio Baldé",2005-07-20,"Hamburger SV",45,2023/2024,5000000,2026-05-27
1125079,"Shafiq Nandja",2007-01-15,"Hamburger SV",NULL,2023/2024,500000,2026-05-27
1058520,"Otto Stange",2007-02-09,"Hamburger SV",49,2023/2024,4000000,2026-05-27
415194,"Bakery Jatta",1998-06-06,"Hamburger SV",18,2023/2024,1000000,2026-05-27
815838,"Joel Agyekum",2005-03-08,"Hamburger SV",NULL,2023/2024,150000,2026-05-29
814950,"Kofi Amoako",2005-05-06,"Hamburger SV",NULL,2023/2024,4000000,2026-06-01
529895,"Daniel Elfadli",1997-04-06,"Hamburger SV",8,2023/2024,3000000,2026-05-27
403177,"Emir Sahiti",1998-11-29,"Hamburger SV",29,2023/2024,1700000,2026-06-11
298603,"Miro Muheim",1998-03-24,"Hamburger SV",28,2023/2024,5000000,2026-05-27
694507,"Rayan Philippe",2000-10-23,"Hamburger SV",14,2023/2024,4000000,2026-05-27
1213681,"Alexander Røssing-Lelesiit",2007-01-20,"Hamburger SV",38,2023/2024,5000000,2026-05-27
802560,"Emil Højlund",2005-01-04,"FC Schalke 04",15,2023/2024,500000,2026-06-01
774531,"Luca Podlech",2005-03-23,"FC Schalke 04",32,2023/2024,125000,2026-06-01
119557,"Kenan Karaman",1994-03-05,"FC Schalke 04",19,2023/2024,1800000,2026-06-01
697740,"Soufiane El-Faouzi",2002-07-13,"FC Schalke 04",23,2023/2024,9000000,2026-06-01
665618,"Satoshi Tanaka",2002-08-13,"FC Schalke 04",NULL,2023/2024,2000000,2026-06-01
919703,"Vitalie Becker",2005-03-03,"FC Schalke 04",33,2023/2024,3000000,2026-06-01
241307,"Finn Porath",1997-02-23,"FC Schalke 04",27,2023/2024,800000,2026-06-01
969376,"Mertcan Ayhan",2006-09-08,"FC Schalke 04",43,2023/2024,8000000,2026-06-01
422051,"Nikola Katic",1996-10-10,"FC Schalke 04",25,2023/2024,1800000,2026-06-01
569385,"Adil Aouchiche",2002-07-15,"FC Schalke 04",24,2023/2024,3500000,2026-06-01
452477,"Junior Adamu",2001-06-06,"FC Schalke 04",NULL,2023/2024,3000000,2026-05-20
148657,"Tomas Kalas",1993-05-15,"FC Schalke 04",26,2023/2024,250000,2026-06-01
477109,"Bryan Lasme",1998-11-14,"FC Schalke 04",11,2023/2024,600000,2026-06-01
327862,"Janik Bachmann",1996-05-06,"FC Schalke 04",14,2023/2024,500000,2026-06-01
357310,"Christian Gomis",2000-08-09,"FC Schalke 04",7,2023/2024,1200000,2026-06-01
1103940,"Felipe Sánchez",2004-04-07,"FC Schalke 04",2,2023/2024,800000,2026-06-01
929992,"Zaid Tchibara",2006-02-21,"FC Schalke 04",47,2023/2024,300000,2026-06-01
292812,"Hasan Kuruçay",1997-08-31,"FC Schalke 04",4,2023/2024,2000000,2026-06-01
1148239,"Mika Wallentowitz",2007-12-28,"FC Schalke 04",NULL,2023/2024,1000000,2026-06-01
287188,"Dejan Ljubicic",1997-10-08,"FC Schalke 04",21,2023/2024,3000000,2026-06-01
1017047,"Mauro Zalazar",2005-04-13,"FC Schalke 04",NULL,2023/2024,300000,2025-12-16
748506,"Martin Wasinski",2004-04-07,"FC Schalke 04",NULL,2023/2024,400000,2026-04-30
85864,"Loris Karius",1993-06-22,"FC Schalke 04",1,2023/2024,800000,2026-06-01
280553,"Anton Donkor",1997-11-11,"FC Schalke 04",30,2023/2024,400000,2026-06-01
332392,"Ron Schallenberg",1998-10-06,"FC Schalke 04",6,2023/2024,2000000,2026-06-01
28396,"Edin Dzeko",1986-03-17,"FC Schalke 04",10,2023/2024,1000000,2026-06-01
282349,"Timo Becker",1997-03-25,"FC Schalke 04",5,2023/2024,1500000,2026-06-01
1302766,"Steve Noode",2005-06-02,"FC Schalke 04",NULL,2023/2024,125000,2026-06-19
460655,"Moussa Sylla",1999-11-25,"FC Schalke 04",9,2023/2024,5000000,2026-06-01
920946,"Max Grüger",2005-05-24,"FC Schalke 04",37,2023/2024,1200000,2026-06-01
410870,"Adrian Gantenbein",2001-04-18,"FC Schalke 04",17,2023/2024,900000,2026-06-01
1188989,"Dylan Leonard",2007-08-30,"FC Schalke 04",3,2023/2024,400000,2026-06-01
1047294,"Johannes Siebeking",2006-03-02,"FC Schalke 04",36,2023/2024,125000,2026-06-01
448259,"Lukas Pinckert",2000-01-22,"SV 07 Elversberg",19,2023/2024,2500000,2026-06-01
829316,"Maurice Krattenmacher",2005-08-11,"SV 07 Elversberg",NULL,2023/2024,3000000,2026-06-01
522245,"Lasse Günther",2003-03-21,"SV 07 Elversberg",21,2023/2024,2500000,2026-06-01
390661,"Jason Ceka",1999-11-10,"SV 07 Elversberg",NULL,2023/2024,800000,2026-06-01
232463,"Luca Pfeiffer",1996-08-20,"SV 07 Elversberg",16,2023/2024,500000,2026-06-01
929943,"Francis Onyeka",2007-04-29,"SV 07 Elversberg",NULL,2023/2024,10000000,2026-06-01
349465,"Nicolas Kristof",1999-12-20,"SV 07 Elversberg",20,2023/2024,2500000,2026-06-01
85534,"Tim Boss",1993-06-28,"SV 07 Elversberg",28,2023/2024,200000,2026-06-01
974894,"David Mokwa",2004-05-03,"SV 07 Elversberg",42,2023/2024,4000000,2026-06-01
282163,"Carlo Sickinger",1997-07-29,"SV 07 Elversberg",23,2023/2024,600000,2026-06-01
453307,"Filimon Gerezgiher",2000-07-04,"SV 07 Elversberg",NULL,2023/2024,250000,2026-05-21
440386,"Maximilian Rohr",1995-06-27,"SV 07 Elversberg",31,2023/2024,800000,2026-06-01
849090,"Mohammad Mahmoud",2005-02-13,"SV 07 Elversberg",18,2023/2024,100000,2026-06-01
192840,"Jan Gyamerah",1995-06-18,"SV 07 Elversberg",30,2023/2024,700000,2026-06-01
532169,"Lukasz Poreba",2000-03-13,"SV 07 Elversberg",8,2023/2024,2500000,2026-06-01
337097,"Tom Zimmerschied",1998-09-22,"SV 07 Elversberg",29,2023/2024,1500000,2026-06-01
193611,"Patryk Dragon",1996-04-11,"SV 07 Elversberg",NULL,2023/2024,50000,2026-06-01
352332,"Florian Le Joncour",1995-02-03,"SV 07 Elversberg",3,2023/2024,500000,2026-06-01
897480,"Noah Darvich",2006-09-25,"SV 07 Elversberg",NULL,2023/2024,4000000,2026-05-29
910538,"Raif Adam",2005-09-07,"SV 07 Elversberg",15,2023/2024,500000,2026-06-01
430034,"Nicholas Mickelson",1999-07-24,"SV 07 Elversberg",2,2023/2024,1000000,2026-06-01
604756,"Frederik Schmahl",2002-12-21,"SV 07 Elversberg",17,2023/2024,750000,2026-06-01
815322,"Felix Keidel",2003-06-14,"SV 07 Elversberg",43,2023/2024,1200000,2026-06-01
207580,"Amara Condé",1997-01-06,"SV 07 Elversberg",6,2023/2024,900000,2026-06-01
401639,"Lukas Petkov",2000-11-01,"SV 07 Elversberg",25,2023/2024,3000000,2026-06-01
229991,"Luca Schnellbacher",1994-05-06,"SV 07 Elversberg",24,2023/2024,500000,2026-06-01
806007,"Luis Seifert",2004-01-26,"SV 07 Elversberg",4,2023/2024,200000,2026-06-01
44536,"Frank Lehmann",1989-04-29,"SV 07 Elversberg",1,2023/2024,100000,2026-06-01
793728,"Marco Wörner",2004-09-25,"SC Paderborn 07",NULL,2023/2024,350000,2026-05-29
814986,"Albert Millgramm",2004-11-12,"SC Paderborn 07",NULL,2023/2024,150000,2026-06-17
330635,"Felix Götze",1998-02-11,"SC Paderborn 07",20,2023/2024,2000000,2026-06-01
606220,"Martin Ens",2001-12-20,"SC Paderborn 07",NULL,2023/2024,450000,2026-05-29
798091,"Tristan Zobel",2003-10-04,"SC Paderborn 07",NULL,2023/2024,225000,2026-05-29
949389,"Niklas Mohr",2004-07-23,"SC Paderborn 07",24,2023/2024,500000,2026-06-01
606113,"Jano ter Horst",2002-06-19,"SC Paderborn 07",NULL,2023/2024,1200000,2026-06-01
1104418,"Kennedy Okpala",2004-12-17,"SC Paderborn 07",10,2023/2024,1500000,2026-06-01
296741,"Markus Schubert",1998-06-12,"SC Paderborn 07",1,2023/2024,500000,2026-06-01
570152,"Marcel Hoffmeier",1999-07-15,"SC Paderborn 07",33,2023/2024,1000000,2026-06-01
685484,"Luka Duric",2003-06-18,"SC Paderborn 07",NULL,2023/2024,800000,2026-05-29
602796,"Filip Bilbija",2000-04-24,"SC Paderborn 07",7,2023/2024,3000000,2026-06-01
296879,"Steffen Tigges",1998-07-31,"SC Paderborn 07",27,2023/2024,700000,2026-06-01
720948,"Mika Baur",2004-07-09,"SC Paderborn 07",14,2023/2024,5000000,2026-06-01
378424,"Sebastian Klaas",1998-06-30,"SC Paderborn 07",26,2023/2024,900000,2026-06-01
1005509,"Santiago Castañeda",2004-11-13,"SC Paderborn 07",5,2023/2024,5000000,2026-06-01
897479,"Bennit Bröger",2006-07-01,"SC Paderborn 07",38,2023/2024,500000,2026-06-01
421323,"Timur Gayret",1998-08-08,"SC Paderborn 07",NULL,2023/2024,450000,2026-05-29
330699,"Raphael Obermair",1996-04-01,"SC Paderborn 07",23,2023/2024,1200000,2026-06-01
907085,"Ruben Müller",2005-08-24,"SC Paderborn 07",2,2023/2024,1000000,2026-06-01
1299403,"Lasse Eickel",2008-02-28,"SC Paderborn 07",NULL,2023/2024,150000,2026-06-17
443855,"Nick Bätzner",2000-03-15,"SC Paderborn 07",9,2023/2024,500000,2026-06-01
509650,"Tjark Scheller",2002-01-12,"SC Paderborn 07",25,2023/2024,2500000,2026-06-01
829267,"Stefano Marino",2004-03-12,"SC Paderborn 07",30,2023/2024,1000000,2026-06-01
406614,"Oliver Batista Meier",2001-02-16,"SC Paderborn 07",NULL,2023/2024,1500000,2026-06-01
1148887,"Clemens Lippmann",2006-06-29,"SC Paderborn 07",NULL,2023/2024,400000,2026-05-29
698843,"Jonah Sticker",2004-05-08,"SC Paderborn 07",3,2023/2024,750000,2026-06-01
930013,"Florian Pruhs",2006-02-06,"SC Paderborn 07",31,2023/2024,150000,2026-06-01
636898,"Lucas Copado",2004-01-10,"SC Paderborn 07",28,2023/2024,600000,2026-06-01
186988,"Sven Michel",1990-07-15,"SC Paderborn 07",11,2023/2024,300000,2026-06-01
600942,"Nahuel Noll",2003-03-17,"SC Paderborn 07",NULL,2023/2024,2000000,2026-06-01
516978,"Laurin Curda",2001-10-30,"SC Paderborn 07",17,2023/2024,3000000,2026-06-01
521331,"Nyamekye Awortwie-Grant",2000-08-07,"SC Paderborn 07",NULL,2023/2024,400000,2026-05-29
694132,"Mattes Hansen",2004-05-15,"SC Paderborn 07",22,2023/2024,2500000,2026-06-01
331637,"Tom Baack",1999-03-13,"SC Paderborn 07",NULL,2023/2024,600000,2026-06-01
